# arith_unit vectors  N=8 CW=8 DW=8  seed=2023
# A B C D sgn fsel P err ovf latency   (hex bit patterns, latency decimal)
0 0 8 FE 0 0 FE 0 0 3
0 1 8 80 0 0 80 0 0 3
0 2 11 80 0 0 80 0 0 3
0 3 FF 1 0 0 1 0 0 3
0 7F 1 7F 0 0 7F 0 0 3
0 80 10 FF 0 0 FF 0 0 3
0 81 4 2 0 0 2 0 0 3
0 FE 3 2 0 0 2 0 0 3
0 FF FF 0 0 0 0 0 0 3
1 0 3 80 0 0 80 0 0 3
1 1 1 2 0 0 2 0 0 3
1 2 0 3 0 0 5 0 0 3
1 3 2 FE 0 0 FE 0 0 3
1 7F F FF 0 0 FF 0 0 3
1 80 7 FF 0 0 100 0 0 3
1 81 1 1 0 0 41 0 0 3
1 FE 10 FE 0 0 FE 0 0 3
1 FF F 0 0 0 0 0 0 3
2 0 1 3 0 0 3 0 0 3
2 1 11 1 0 0 1 0 0 3
2 2 11 1 0 0 1 0 0 3
2 3 1 2 0 0 5 0 0 3
2 7F 8 FE 0 0 FE 0 0 3
2 80 FF 3 0 0 3 0 0 3
2 81 11 2 0 0 2 0 0 3
2 FE 10 3 0 0 3 0 0 3
2 FF 4 7F 0 0 9E 0 0 3
3 0 FF 1 0 0 1 0 0 3
3 1 11 0 0 0 0 0 0 3
3 2 7 FE 0 0 FE 0 0 3
3 3 2 7F 0 0 81 0 0 3
3 7F 1 FF 0 0 1BD 0 0 3
3 80 8 80 0 0 81 0 0 3
3 81 4 80 0 0 98 0 0 3
3 FE 4 2 0 0 31 0 0 3
3 FF 2 FE 0 0 1BD 0 0 3
7F 0 1 80 0 0 80 0 0 3
7F 1 10 3 0 0 3 0 0 3
7F 2 2 FF 0 0 13E 0 0 3
7F 3 7 FF 0 0 101 0 0 3
7F 7F FF 1 0 0 1 0 0 3
7F 80 0 7F 0 0 3FFF 0 0 3
7F 81 2 0 0 0 FFF 0 0 3
7F FE 4 2 0 0 7E2 0 0 3
7F FF 3 2 0 0 FD2 0 0 3
80 0 FF 7F 0 0 7F 0 0 3
80 1 8 FF 0 0 FF 0 0 3
80 2 1 81 0 0 101 0 0 3
80 3 F 81 0 0 81 0 0 3
80 7F 1 80 0 0 2040 0 0 3
80 80 7 1 0 0 81 0 0 3
80 81 1 FE 0 0 213E 0 0 3
80 FE F FE 0 0 FE 0 0 3
80 FF 1 81 0 0 4041 0 0 3
81 0 3 0 0 0 0 0 0 3
81 1 8 3 0 0 3 0 0 3
81 2 7 0 0 0 2 0 0 3
81 3 3 1 0 0 31 0 0 3
81 7F 1 7F 0 0 207E 0 0 3
81 80 2 7F 0 0 109F 0 0 3
81 81 3 0 0 0 820 0 0 3
81 FE 4 0 0 0 7FF 0 0 3
81 FF 8 80 0 0 100 0 0 3
FE 0 8 0 0 0 0 0 0 3
FE 1 11 80 0 0 80 0 0 3
FE 2 4 1 0 0 20 0 0 3
FE 3 7 FF 0 0 104 0 0 3
FE 7F 1 7F 0 0 3F80 0 0 3
FE 80 4 0 0 0 7F0 0 0 3
FE 81 3 FF 0 0 10FE 0 0 3
FE FE 3 80 0 0 2000 0 0 3
FE FF 4 2 0 0 FD2 0 0 3
FF 0 2 FF 0 0 FF 0 0 3
FF 1 1 1 0 0 80 0 0 3
FF 2 3 2 0 0 41 0 0 3
FF 3 11 3 0 0 3 0 0 3
FF 7F FF 1 0 0 1 0 0 3
FF 80 10 7F 0 0 7F 0 0 3
FF 81 11 3 0 0 3 0 0 3
FF FE 0 2 0 0 FD04 0 0 3
FF FF 7 FE 0 0 2FA 0 0 3
81 7F 0 0 0 0 3FFF 0 0 3
FE 1 0 1 0 0 FF 0 0 3
3 0 0 2 0 0 2 0 0 3
FF 81 0 3 0 0 8082 0 0 3
2 1 0 7F 0 0 81 0 0 3
0 FE 0 80 0 0 80 0 0 3
2 81 0 81 0 0 183 0 0 3
80 80 0 FE 0 0 40FE 0 0 3
3 3 0 FF 0 0 108 0 0 3
1 0 1 0 0 0 0 0 0 3
FF 81 1 1 0 0 4040 0 0 3
1 81 1 2 0 0 42 0 0 3
FE 2 1 3 0 0 101 0 0 3
3 3 1 7F 0 0 83 0 0 3
1 FE 1 80 0 0 FF 0 0 3
0 0 1 81 0 0 81 0 0 3
80 80 1 FE 0 0 20FE 0 0 3
FE 81 1 FF 0 0 40FE 0 0 3
FF 0 2 0 0 0 0 0 0 3
FF 3 2 1 0 0 C0 0 0 3
81 81 2 2 0 0 1042 0 0 3
FE 81 2 3 0 0 2002 0 0 3
7F 7F 2 7F 0 0 103F 0 0 3
2 1 2 80 0 0 80 0 0 3
7F 2 2 81 0 0 C0 0 0 3
FF 3 2 FE 0 0 1BD 0 0 3
FE 7F 2 FF 0 0 207F 0 0 3
FE 80 3 0 0 0 FE0 0 0 3
1 FF 3 1 0 0 20 0 0 3
81 7F 3 2 0 0 801 0 0 3
0 1 3 3 0 0 3 0 0 3
7F 0 3 7F 0 0 7F 0 0 3
FF 1 3 80 0 0 9F 0 0 3
FF 3 3 81 0 0 E0 0 0 3
1 3 3 FE 0 0 FE 0 0 3
1 7F 3 FF 0 0 10E 0 0 3
80 FF 4 0 0 0 7F8 0 0 3
81 2 4 1 0 0 11 0 0 3
FF 80 4 2 0 0 7FA 0 0 3
0 80 4 3 0 0 3 0 0 3
7F 1 4 7F 0 0 86 0 0 3
81 0 4 80 0 0 80 0 0 3
FF 0 4 81 0 0 81 0 0 3
FE 2 4 FE 0 0 11D 0 0 3
81 FF 4 FF 0 0 906 0 0 3
7F FE 7 0 0 0 FC 0 0 3
1 1 7 1 0 0 1 0 0 3
1 FE 7 2 0 0 3 0 0 3
1 0 7 3 0 0 3 0 0 3
2 FF 7 7F 0 0 82 0 0 3
3 7F 7 80 0 0 82 0 0 3
81 FE 7 81 0 0 180 0 0 3
7F 7F 7 FE 0 0 17C 0 0 3
FE 3 7 FF 0 0 104 0 0 3
80 7F 8 0 0 0 3F 0 0 3
80 2 8 1 0 0 2 0 0 3
FF 3 8 2 0 0 4 0 0 3
3 FE 8 3 0 0 5 0 0 3
7F 7F 8 7F 0 0 BE 0 0 3
7F 81 8 80 0 0 BF 0 0 3
FF FF 8 81 0 0 17F 0 0 3
3 80 8 FE 0 0 FF 0 0 3
2 FF 8 FF 0 0 100 0 0 3
80 FE F 0 0 0 0 0 0 3
1 1 F 1 0 0 1 0 0 3
2 1 F 2 0 0 2 0 0 3
0 7F F 3 0 0 3 0 0 3
81 7F F 7F 0 0 7F 0 0 3
2 7F F 80 0 0 80 0 0 3
1 2 F 81 0 0 81 0 0 3
80 80 F FE 0 0 FE 0 0 3
2 FE F FF 0 0 FF 0 0 3
3 3 10 0 0 0 0 0 0 3
0 FE 10 1 0 0 1 0 0 3
7F FE 10 2 0 0 2 0 0 3
80 FF 10 3 0 0 3 0 0 3
0 FE 10 7F 0 0 7F 0 0 3
FF 0 10 80 0 0 80 0 0 3
80 FF 10 81 0 0 81 0 0 3
80 2 10 FE 0 0 FE 0 0 3
3 2 10 FF 0 0 FF 0 0 3
1 7F 11 0 0 0 0 0 0 3
81 0 11 1 0 0 1 0 0 3
2 FF 11 2 0 0 2 0 0 3
2 81 11 3 0 0 3 0 0 3
FE 2 11 7F 0 0 7F 0 0 3
80 FF 11 80 0 0 80 0 0 3
81 FE 11 81 0 0 81 0 0 3
FF FE 11 FE 0 0 FE 0 0 3
2 FE 11 FF 0 0 FF 0 0 3
81 1 FF 0 0 0 0 0 0 3
3 3 FF 1 0 0 1 0 0 3
3 0 FF 2 0 0 2 0 0 3
3 0 FF 3 0 0 3 0 0 3
1 80 FF 7F 0 0 7F 0 0 3
7F 7F FF 80 0 0 80 0 0 3
1 80 FF 81 0 0 81 0 0 3
7F 1 FF FE 0 0 FE 0 0 3
1 80 FF FF 0 0 FF 0 0 3
0 0 3 81 0 1 81 0 0 21
0 1 2 0 0 1 0 0 0 21
0 2 1 FE 0 1 FE 0 0 21
0 3 F 2 0 1 2 0 0 21
0 7F FF 1 0 1 1 0 0 21
0 80 11 81 0 1 81 0 0 21
0 81 F 3 0 1 3 0 0 21
0 FE 0 FE 0 1 0 1 0 3
0 FF 4 FF 0 1 FF 0 0 21
1 0 0 FF 0 1 0 1 0 3
1 1 7 80 0 1 80 0 0 21
1 2 0 7F 0 1 0 1 0 3
1 3 2 FE 0 1 FE 0 0 21
1 7F FF FE 0 1 FE 0 0 21
1 80 2 FF 0 1 11F 0 0 21
1 81 3 0 0 1 E 0 0 21
1 FE 10 0 0 1 0 0 0 21
1 FF 2 80 0 1 BF 0 0 21
2 0 8 7F 0 1 7F 0 0 21
2 1 11 81 0 1 81 0 0 21
2 2 2 80 0 1 81 0 0 21
2 3 FF 2 0 1 2 0 0 21
2 7F 4 7F 0 1 8E 0 0 21
2 80 8 2 0 1 6 0 0 21
2 81 F 1 0 1 2 0 0 21
2 FE 0 3 0 1 0 1 0 3
2 FF 10 1 0 1 2 0 0 21
3 0 F FF 0 1 FF 0 0 21
3 1 7 FE 0 1 FE 0 0 21
3 2 4 80 0 1 80 0 0 21
3 3 8 80 0 1 80 0 0 21
3 7F 7 81 0 1 88 0 0 21
3 80 FF 3 0 1 3 0 0 21
3 81 3 FF 0 1 12A 0 0 21
3 FE 3 1 0 1 55 0 0 21
3 FF 7 FF 0 1 10E 0 0 21
7F 0 1 FF 0 1 FF 0 0 21
7F 1 F 0 0 1 0 0 0 21
7F 2 8 3 0 1 6 0 0 21
7F 3 11 3 0 1 4 0 0 21
7F 7F FF FE 0 1 FE 0 0 21
7F 80 1 2 0 1 3F82 0 0 21
7F 81 7 0 0 1 14E 0 0 21
7F FE 10 FE 0 1 17C 0 0 21
7F FF 3 0 0 1 E0E 0 0 21
80 0 3 FF 0 1 FF 0 0 21
80 1 2 FE 0 1 11E 0 0 21
80 2 FF 2 0 1 2 0 0 21
80 3 8 81 0 1 87 0 0 21
80 7F 8 80 0 1 17E 0 0 21
80 80 2 1 0 1 1001 0 0 21
80 81 7 2 0 1 152 0 0 21
80 FE 2 FF 0 1 20BF 0 0 21
80 FF 0 0 0 1 0 1 0 3
81 0 4 2 0 1 2 0 0 21
81 1 7 FE 0 1 100 0 0 21
81 2 11 0 0 1 0 0 0 21
81 3 11 0 0 1 1 0 0 21
81 7F 7 1 0 1 14F 0 0 21
81 80 2 0 0 1 1020 0 0 21
81 81 2 3 0 1 1043 0 0 21
81 FE 1 1 0 1 7FFF 0 0 21
81 FF F 7F 0 1 111 0 0 21
FE 0 FF 3 0 1 3 0 0 21
FE 1 8 81 0 1 84 0 0 21
FE 2 4 2 0 1 21 0 0 21
FE 3 1 80 0 1 37A 0 0 21
FE 7F 1 FF 0 1 7F01 0 0 21
FE 80 3 FF 0 1 F1B 0 0 21
FE 81 FF FF 0 1 FF 0 0 21
FE FE 10 7F 0 1 17B 0 0 21
FE FF F 81 0 1 1A0 0 0 21
FF 0 7 0 0 1 0 0 0 21
FF 1 11 2 0 1 2 0 0 21
FF 2 0 3 0 1 0 1 0 3
FF 3 10 FE 0 1 100 0 0 21
FF 7F 8 FF 0 1 2F9 0 0 21
FF 80 10 7F 0 1 FE 0 0 21
FF 81 0 FE 0 1 0 1 0 3
FF FE 3 81 0 1 1C9D 0 0 21
FF FF 1 81 0 1 FE82 0 0 21
FE 81 0 0 0 1 0 1 0 3
81 FF 0 1 0 1 0 1 0 3
7F 1 0 2 0 1 0 1 0 3
81 7F 0 3 0 1 0 1 0 3
7F 80 0 7F 0 1 0 1 0 3
3 3 0 80 0 1 0 1 0 3
FE 7F 0 81 0 1 0 1 0 3
1 3 0 FE 0 1 0 1 0 3
1 0 0 FF 0 1 0 1 0 3
FF 2 1 0 0 1 1FE 0 0 21
7F FE 1 1 0 1 7E03 0 0 21
81 FF 1 2 0 1 8081 0 0 21
81 FE 1 3 0 1 8001 0 0 21
0 80 1 7F 0 1 7F 0 0 21
3 2 1 80 0 1 86 0 0 21
80 FF 1 81 0 1 8001 0 0 21
FF 3 1 FE 0 1 3FB 0 0 21
80 3 1 FF 0 1 27F 0 0 21
3 FF 2 0 0 1 BF 0 0 21
1 3 2 1 0 1 1 0 0 21
80 7F 2 2 0 1 FE2 0 0 21
1 7F 2 3 0 1 22 0 0 21
81 FF 2 7F 0 1 209E 0 0 21
80 0 2 80 0 1 80 0 0 21
FF 2 2 81 0 1 100 0 0 21
1 81 2 FE 0 1 11E 0 0 21
80 FE 2 FF 0 1 20BF 0 0 21
FE 2 3 0 0 1 38 0 0 21
7F 0 3 1 0 1 1 0 0 21
FF 1 3 2 0 1 1E 0 0 21
80 81 3 3 0 1 72D 0 0 21
FE 80 3 7F 0 1 E9B 0 0 21
2 FF 3 80 0 1 B8 0 0 21
80 0 3 81 0 1 81 0 0 21
80 FE 3 FE 0 1 F1A 0 0 21
1 80 3 FF 0 1 10D 0 0 21
FE 80 4 0 0 1 7F0 0 0 21
0 3 4 1 0 1 1 0 0 21
81 FE 4 2 0 1 801 0 0 21
2 2 4 3 0 1 3 0 0 21
80 80 4 7F 0 1 47F 0 0 21
80 7F 4 80 0 1 478 0 0 21
2 0 4 81 0 1 81 0 0 21
80 80 4 FE 0 1 4FE 0 0 21
81 81 4 FF 0 1 50F 0 0 21
FE FF 7 0 0 1 529 0 0 21
1 1 7 1 0 1 1 0 0 21
7F 7F 7 2 0 1 14B 0 0 21
80 3 7 3 0 1 A 0 0 21
1 3 7 7F 0 1 7F 0 0 21
81 FE 7 80 0 1 31C 0 0 21
80 0 7 81 0 1 81 0 0 21
3 1 7 FE 0 1 FE 0 0 21
0 FE 7 FF 0 1 FF 0 0 21
1 FE 8 0 0 1 3 0 0 21
FF 3 8 1 0 1 C 0 0 21
FE 81 8 2 0 1 201 0 0 21
0 1 8 3 0 1 3 0 0 21
80 FE 8 7F 0 1 27B 0 0 21
1 2 8 80 0 1 80 0 0 21
80 7F 8 81 0 1 17F 0 0 21
1 3 8 FE 0 1 FE 0 0 21
0 81 8 FF 0 1 FF 0 0 21
2 7F F 0 0 1 1 0 0 21
FF 3 F 1 0 1 4 0 0 21
FE 7F F 2 0 1 91 0 0 21
1 81 F 3 0 1 3 0 0 21
FF 7F F 7F 0 1 10E 0 0 21
81 81 F 80 0 1 C9 0 0 21
2 2 F 81 0 1 81 0 0 21
2 1 F FE 0 1 FE 0 0 21
7F FF F FF 0 1 18E 0 0 21
FE FE 10 0 0 1 FC 0 0 21
80 FE 10 1 0 1 80 0 0 21
1 3 10 2 0 1 2 0 0 21
2 2 10 3 0 1 3 0 0 21
81 80 10 7F 0 1 BF 0 0 21
7F FE 10 80 0 1 FE 0 0 21
FE 2 10 81 0 1 82 0 0 21
7F 0 10 FE 0 1 FE 0 0 21
81 FE 10 FF 0 1 17E 0 0 21
3 80 11 0 0 1 1 0 0 21
7F 7F 11 1 0 1 38 0 0 21
1 2 11 2 0 1 2 0 0 21
80 1 11 3 0 1 3 0 0 21
80 1 11 7F 0 1 7F 0 0 21
7F 7F 11 80 0 1 B7 0 0 21
1 80 11 81 0 1 81 0 0 21
2 3 11 FE 0 1 FE 0 0 21
FE 7F 11 FF 0 1 16E 0 0 21
1 2 FF 0 0 1 0 0 0 21
FF 0 FF 1 0 1 1 0 0 21
0 FE FF 2 0 1 2 0 0 21
80 0 FF 3 0 1 3 0 0 21
81 2 FF 7F 0 1 7F 0 0 21
80 1 FF 80 0 1 80 0 0 21
FE FF FF 81 0 1 81 0 0 21
2 FE FF FE 0 1 FE 0 0 21
3 FE FF FF 0 1 FF 0 0 21
0 0 8 7F 1 0 7F 0 0 3
0 1 0 81 1 0 FF81 0 0 3
0 2 4 81 1 0 FF81 0 0 3
0 3 4 3 1 0 3 0 0 3
0 7F 7 3 1 0 3 0 0 3
0 80 1 FF 1 0 FFFF 0 0 3
0 81 4 80 1 0 FF80 0 0 3
0 FE 8 2 1 0 2 0 0 3
0 FF 0 1 1 0 1 0 0 3
1 0 11 0 1 0 0 0 0 3
1 1 3 FF 1 0 FFFF 0 0 3
1 2 4 FF 1 0 FFFF 0 0 3
1 3 1 1 1 0 2 0 0 3
1 7F 1 3 1 0 42 0 0 3
1 80 0 1 1 0 FF81 0 0 3
1 81 11 3 1 0 3 0 0 3
1 FE 3 3 1 0 3 0 0 3
1 FF 2 FE 1 0 FFFE 0 0 3
2 0 4 80 1 0 FF80 0 0 3
2 1 8 81 1 0 FF81 0 0 3
2 2 10 81 1 0 FF81 0 0 3
2 3 F FE 1 0 FFFE 0 0 3
2 7F 7 1 1 0 2 0 0 3
2 80 7 81 1 0 FF7F 0 0 3
2 81 0 81 1 0 FE83 0 0 3
2 FE 0 FE 1 0 FFFA 0 0 3
2 FF 0 3 1 0 1 0 0 3
3 0 0 FE 1 0 FFFE 0 0 3
3 1 7 FF 1 0 FFFF 0 0 3
3 2 3 3 1 0 3 0 0 3
3 3 11 1 1 0 1 0 0 3
3 7F 1 FE 1 0 BC 0 0 3
3 80 11 3 1 0 3 0 0 3
3 81 1 1 1 0 FF43 0 0 3
3 FE 11 7F 1 0 7F 0 0 3
3 FF 2 2 1 0 2 0 0 3
7F 0 8 1 1 0 1 0 0 3
7F 1 7 FF 1 0 FFFF 0 0 3
7F 2 11 81 1 0 FF81 0 0 3
7F 3 8 FF 1 0 0 0 0 3
7F 7F FF FF 1 0 FFFF 0 0 3
7F 80 0 FF 1 0 C07F 0 0 3
7F 81 8 7F 1 0 40 0 0 3
7F FE 4 81 1 0 FF72 0 0 3
7F FF FF 7F 1 0 7F 0 0 3
80 0 8 3 1 0 3 0 0 3
80 1 11 FE 1 0 FFFE 0 0 3
80 2 0 3 1 0 FF03 0 0 3
80 3 F 2 1 0 2 0 0 3
80 7F 8 FF 1 0 FFC0 0 0 3
80 80 3 0 1 0 800 0 0 3
80 81 2 7F 1 0 105F 0 0 3
80 FE 2 0 1 0 40 0 0 3
80 FF 11 3 1 0 3 0 0 3
81 0 FF 80 1 0 FF80 0 0 3
81 1 7 0 1 0 0 0 0 3
81 2 4 81 1 0 FF72 0 0 3
81 3 4 81 1 0 FF6A 0 0 3
81 7F 11 7F 1 0 7F 0 0 3
81 80 FF 3 1 0 3 0 0 3
81 81 4 1 1 0 3F1 0 0 3
81 FE 8 3 1 0 3 0 0 3
81 FF FF FE 1 0 FFFE 0 0 3
FE 0 7 81 1 0 FF81 0 0 3
FE 1 4 80 1 0 FF80 0 0 3
FE 2 7 2 1 0 2 0 0 3
FE 3 8 80 1 0 FF80 0 0 3
FE 7F 1 81 1 0 FF02 0 0 3
FE 80 F FF 1 0 FFFF 0 0 3
FE 81 4 80 1 0 FF8F 0 0 3
FE FE 10 FF 1 0 FFFF 0 0 3
FE FF 4 FE 1 0 FFFE 0 0 3
FF 0 4 2 1 0 2 0 0 3
FF 1 2 FF 1 0 FFFF 0 0 3
FF 2 10 81 1 0 FF81 0 0 3
FF 3 11 7F 1 0 7F 0 0 3
FF 7F 2 FE 1 0 FFDF 0 0 3
FF 80 1 7F 1 0 BF 0 0 3
FF 81 10 0 1 0 0 0 0 3
FF FE 1 FF 1 0 0 0 0 3
FF FF FF 0 1 0 0 0 0 3
FE 80 0 0 1 0 100 0 0 3
FE 1 0 1 1 0 FFFF 0 0 3
1 FE 0 2 1 0 0 0 0 3
80 0 0 3 1 0 3 0 0 3
7F 1 0 7F 1 0 FE 0 0 3
80 2 0 80 1 0 FE80 0 0 3
81 1 0 81 1 0 FF02 0 0 3
FF 3 0 FE 1 0 FFFB 0 0 3
81 FF 0 FF 1 0 7E 0 0 3
0 2 1 0 1 0 0 0 0 3
2 0 1 1 1 0 1 0 0 3
7F FF 1 2 1 0 FFC3 0 0 3
FF 81 1 3 1 0 42 0 0 3
FF FF 1 7F 1 0 7F 0 0 3
2 0 1 80 1 0 FF80 0 0 3
2 2 1 81 1 0 FF83 0 0 3
0 1 1 FE 1 0 FFFE 0 0 3
7F 7F 1 FF 1 0 1F7F 0 0 3
0 FF 2 0 1 0 0 0 0 3
FF FF 2 1 1 0 1 0 0 3
81 1 2 2 1 0 FFE3 0 0 3
FF 80 2 3 1 0 23 0 0 3
81 2 2 7F 1 0 40 0 0 3
7F 80 2 80 1 0 EFA0 0 0 3
3 FF 2 81 1 0 FF81 0 0 3
3 1 2 FE 1 0 FFFE 0 0 3
FE 1 2 FF 1 0 FFFF 0 0 3
7F 2 3 0 1 0 1F 0 0 3
FE 7F 3 1 1 0 FFE2 0 0 3
0 80 3 2 1 0 2 0 0 3
0 80 3 3 1 0 3 0 0 3
7F 81 3 7F 1 0 F89F 0 0 3
80 7F 3 80 1 0 F790 0 0 3
1 7F 3 81 1 0 FF90 0 0 3
81 1 3 FE 1 0 FFEF 0 0 3
3 3 3 FF 1 0 0 0 0 3
3 2 4 0 1 0 0 0 0 3
FF 1 4 1 1 0 1 0 0 3
80 7F 4 2 1 0 FC0A 0 0 3
7F 80 4 3 1 0 FC0B 0 0 3
81 3 4 7F 1 0 68 0 0 3
0 1 4 80 1 0 FF80 0 0 3
2 81 4 81 1 0 FF72 0 0 3
0 0 4 FE 1 0 FFFE 0 0 3
7F 2 4 FF 1 0 E 0 0 3
3 3 7 0 1 0 0 0 0 3
80 3 7 1 1 0 FFFE 0 0 3
81 2 7 2 1 0 1 0 0 3
0 FF 7 3 1 0 3 0 0 3
FF 2 7 7F 1 0 7F 0 0 3
1 1 7 80 1 0 FF80 0 0 3
2 7F 7 81 1 0 FF82 0 0 3
FF 7F 7 FE 1 0 FFFE 0 0 3
7F 0 7 FF 1 0 FFFF 0 0 3
3 2 8 0 1 0 0 0 0 3
81 1 8 1 1 0 1 0 0 3
2 80 8 2 1 0 1 0 0 3
FE 7F 8 3 1 0 3 0 0 3
81 80 8 7F 1 0 BE 0 0 3
1 1 8 80 1 0 FF80 0 0 3
FE FF 8 81 1 0 FF81 0 0 3
FF FE 8 FE 1 0 FFFE 0 0 3
FF 3 8 FF 1 0 FFFF 0 0 3
1 7F F 0 1 0 0 0 0 3
2 0 F 1 1 0 1 0 0 3
FF 0 F 2 1 0 2 0 0 3
7F FE F 3 1 0 3 0 0 3
2 3 F 7F 1 0 7F 0 0 3
81 80 F 80 1 0 FF80 0 0 3
FF FF F 81 1 0 FF81 0 0 3
3 0 F FE 1 0 FFFE 0 0 3
0 7F F FF 1 0 FFFF 0 0 3
3 3 10 0 1 0 0 0 0 3
1 1 10 1 1 0 1 0 0 3
1 7F 10 2 1 0 2 0 0 3
FF FE 10 3 1 0 3 0 0 3
3 FF 10 7F 1 0 7F 0 0 3
7F FF 10 80 1 0 FF80 0 0 3
2 FF 10 81 1 0 FF81 0 0 3
1 FE 10 FE 1 0 FFFE 0 0 3
FF 80 10 FF 1 0 FFFF 0 0 3
1 0 11 0 1 0 0 0 0 3
81 81 11 1 1 0 1 0 0 3
7F 3 11 2 1 0 2 0 0 3
3 1 11 3 1 0 3 0 0 3
FF 81 11 7F 1 0 7F 0 0 3
FF 80 11 80 1 0 FF80 0 0 3
1 FE 11 81 1 0 FF81 0 0 3
FF 7F 11 FE 1 0 FFFE 0 0 3
FE 2 11 FF 1 0 FFFF 0 0 3
FF 80 FF 0 1 0 0 0 0 3
81 FE FF 1 1 0 1 0 0 3
1 7F FF 2 1 0 2 0 0 3
2 7F FF 3 1 0 3 0 0 3
2 3 FF 7F 1 0 7F 0 0 3
2 2 FF 80 1 0 FF80 0 0 3
FF 3 FF 81 1 0 FF81 0 0 3
1 FE FF FE 1 0 FFFE 0 0 3
FE FF FF FF 1 0 FFFF 0 0 3
0 0 4 7F 1 1 7F 0 0 21
0 1 7 0 1 1 0 0 0 21
0 2 F 80 1 1 FF80 0 0 21
0 3 0 7F 1 1 0 1 0 3
0 7F 4 7F 1 1 7F 0 0 21
0 80 7 FE 1 1 FFFE 0 0 21
0 81 4 80 1 1 FF80 0 0 21
0 FE 7 0 1 1 0 0 0 21
0 FF FF FF 1 1 FFFF 0 0 21
1 0 10 3 1 1 3 0 0 21
1 1 3 0 1 1 0 0 0 21
1 2 1 0 1 1 2 0 0 21
1 3 11 0 1 1 0 0 0 21
1 7F 2 7F 1 1 9E 0 0 21
1 80 11 2 1 1 2 0 0 21
1 81 4 1 1 1 FFFA 0 0 21
1 FE 7 1 1 1 1 0 0 21
1 FF 10 81 1 1 FF81 0 0 21
2 0 4 1 1 1 1 0 0 21
2 1 7 3 1 1 3 0 0 21
2 2 8 81 1 1 FF81 0 0 21
2 3 1 FF 1 1 5 0 0 21
2 7F 11 81 1 1 FF81 0 0 21
2 80 FF FF 1 1 FFFF 0 0 21
2 81 3 1 1 1 FFE5 0 0 21
2 FE 8 FF 1 1 FFFF 0 0 21
2 FF 10 3 1 1 3 0 0 21
3 0 7 80 1 1 FF80 0 0 21
3 1 F 2 1 1 2 0 0 21
3 2 1 1 1 1 7 0 0 21
3 3 0 FF 1 1 0 1 0 3
3 7F 8 3 1 1 8 0 0 21
3 80 4 FF 1 1 FFE7 0 0 21
3 81 2 81 1 1 FF22 0 0 21
3 FE 0 7F 1 1 0 1 0 3
3 FF 10 81 1 1 FF81 0 0 21
7F 0 2 7F 1 1 7F 0 0 21
7F 1 3 2 1 1 10 0 0 21
7F 2 0 FE 1 1 0 1 0 3
7F 3 FF 0 1 1 0 0 0 21
7F 7F FF 1 1 1 1 0 0 21
7F 80 0 81 1 1 0 1 0 3
7F 81 4 2 1 1 FC12 0 0 21
7F FE 3 1 1 1 FFE5 0 0 21
7F FF FF FE 1 1 FFFE 0 0 21
80 0 F 80 1 1 FF80 0 0 21
80 1 11 0 1 1 0 0 0 21
80 2 10 2 1 1 1 0 0 21
80 3 4 7F 1 1 67 0 0 21
80 7F F 81 1 1 FF39 0 0 21
80 80 3 7F 1 1 79B 0 0 21
80 81 1 0 1 1 3F80 0 0 21
80 FE 1 FE 1 1 FE 0 0 21
80 FF 1 3 1 1 83 0 0 21
81 0 0 FF 1 1 0 1 0 3
81 1 FF FF 1 1 FFFF 0 0 21
81 2 2 81 1 1 FF42 0 0 21
81 3 7 81 1 1 FF7A 0 0 21
81 7F 1 0 1 1 C0FF 0 0 21
81 80 0 7F 1 1 0 1 0 3
81 81 11 FF 1 1 36 0 0 21
81 FE F 2 1 1 3 0 0 21
81 FF 4 3 1 1 A 0 0 21
FE 0 3 80 1 1 FF80 0 0 21
FE 1 8 81 1 1 FF81 0 0 21
FE 2 7 81 1 1 FF81 0 0 21
FE 3 8 0 1 1 0 0 0 21
FE 7F 4 2 1 1 FFF3 0 0 21
FE 80 1 0 1 1 100 0 0 21
FE 81 F FF 1 1 0 0 0 21
FE FE 3 80 1 1 FF80 0 0 21
FE FF 4 7F 1 1 7F 0 0 21
FF 0 F 81 1 1 FF81 0 0 21
FF 1 2 2 1 1 2 0 0 21
FF 2 3 3 1 1 3 0 0 21
FF 3 1 81 1 1 FF7E 0 0 21
FF 7F 10 81 1 1 FF81 0 0 21
FF 80 FF 80 1 1 FF80 0 0 21
FF 81 1 7F 1 1 FE 0 0 21
FF FE 8 81 1 1 FF81 0 0 21
FF FF 11 81 1 1 FF81 0 0 21
2 2 0 0 1 1 0 1 0 3
0 81 0 1 1 1 0 1 0 3
FF 7F 0 2 1 1 0 1 0 3
2 FE 0 3 1 1 0 1 0 3
3 3 0 7F 1 1 0 1 0 3
FF FF 0 80 1 1 0 1 0 3
FE 7F 0 81 1 1 0 1 0 3
FF 3 0 FE 1 1 0 1 0 3
7F FF 0 FF 1 1 0 1 0 3
FE 0 1 0 1 1 0 0 0 21
0 80 1 1 1 1 1 0 0 21
7F FE 1 2 1 1 FF04 0 0 21
FE 3 1 3 1 1 FFFD 0 0 21
0 0 1 7F 1 1 7F 0 0 21
FF 2 1 80 1 1 FF7E 0 0 21
7F FE 1 81 1 1 FE83 0 0 21
81 81 1 FE 1 1 3EFF 0 0 21
80 0 1 FF 1 1 FFFF 0 0 21
80 81 2 0 1 1 FE0 0 0 21
FF FF 2 1 1 1 1 0 0 21
81 81 2 2 1 1 FC2 0 0 21
2 1 2 3 1 1 3 0 0 21
2 2 2 7F 1 1 80 0 0 21
7F 80 2 80 1 1 EFA0 0 0 21
0 FE 2 81 1 1 FF81 0 0 21
80 0 2 FE 1 1 FFFE 0 0 21
1 0 2 FF 1 1 FFFF 0 0 21
7F 0 3 0 1 1 0 0 0 21
1 1 3 1 1 1 1 0 0 21
3 FE 3 2 1 1 2 0 0 21
1 3 3 3 1 1 3 0 0 21
0 81 3 7F 1 1 7F 0 0 21
7F 81 3 80 1 1 F880 0 0 21
0 2 3 81 1 1 FF81 0 0 21
FF 0 3 FE 1 1 FFFE 0 0 21
FF 3 3 FF 1 1 FFFF 0 0 21
0 0 4 0 1 1 0 0 0 21
81 7F 4 1 1 1 FC11 0 0 21
FE 3 4 2 1 1 2 0 0 21
80 0 4 3 1 1 3 0 0 21
FE 80 4 7F 1 1 8F 0 0 21
0 0 4 80 1 1 FF80 0 0 21
3 80 4 81 1 1 FF69 0 0 21
2 7F 4 FE 1 1 D 0 0 21
7F FE 4 FF 1 1 FFF0 0 0 21
FE 80 7 0 1 1 5 0 0 21
0 81 7 1 1 1 1 0 0 21
81 1 7 2 1 1 0 0 0 21
FE FE 7 3 1 1 3 0 0 21
7F 81 7 7F 1 1 FF36 0 0 21
FE FF 7 80 1 1 FF80 0 0 21
80 2 7 81 1 1 FF7C 0 0 21
81 81 7 FE 1 1 147 0 0 21
80 7F 7 FF 1 1 FEB4 0 0 21
0 81 8 0 1 1 0 0 0 21
81 81 8 1 1 1 FD 0 0 21
81 0 8 2 1 1 2 0 0 21
3 1 8 3 1 1 3 0 0 21
80 FF 8 7F 1 1 81 0 0 21
81 81 8 80 1 1 7C 0 0 21
81 1 8 81 1 1 FF80 0 0 21
1 FE 8 FE 1 1 FFFE 0 0 21
0 FE 8 FF 1 1 FFFF 0 0 21
3 7F F 0 1 1 1 0 0 21
80 81 F 1 1 1 49 0 0 21
FF 80 F 2 1 1 2 0 0 21
2 0 F 3 1 1 3 0 0 21
81 1 F 7F 1 1 7F 0 0 21
80 FE F 80 1 1 FF81 0 0 21
2 0 F 81 1 1 FF81 0 0 21
7F FF F FE 1 1 FFFE 0 0 21
3 0 F FF 1 1 FFFF 0 0 21
2 3 10 0 1 1 0 0 0 21
2 0 10 1 1 1 1 0 0 21
7F 0 10 2 1 1 2 0 0 21
1 0 10 3 1 1 3 0 0 21
1 80 10 7F 1 1 7F 0 0 21
81 3 10 80 1 1 FF7F 0 0 21
81 1 10 81 1 1 FF81 0 0 21
3 80 10 FE 1 1 FFFD 0 0 21
1 1 10 FF 1 1 FFFF 0 0 21
7F 81 11 0 1 1 FFC9 0 0 21
0 1 11 1 1 1 1 0 0 21
3 7F 11 2 1 1 3 0 0 21
3 FE 11 3 1 1 3 0 0 21
1 FE 11 7F 1 1 7F 0 0 21
FE 3 11 80 1 1 FF80 0 0 21
FE 81 11 81 1 1 FF81 0 0 21
1 80 11 FE 1 1 FFFE 0 0 21
81 0 11 FF 1 1 FFFF 0 0 21
80 7F FF 0 1 1 0 0 0 21
FF 7F FF 1 1 1 1 0 0 21
3 0 FF 2 1 1 2 0 0 21
3 7F FF 3 1 1 3 0 0 21
3 2 FF 7F 1 1 7F 0 0 21
1 2 FF 80 1 1 FF80 0 0 21
1 2 FF 81 1 1 FF81 0 0 21
1 1 FF FE 1 1 FFFE 0 0 21
2 80 FF FF 1 1 FFFF 0 0 21
FC 83 E4 9 0 1 9 0 0 21
5F 65 70 31 1 1 31 0 0 21
FF A5 9 F2 1 0 FFF2 0 0 3
66 63 1E E5 0 1 F0 0 0 21
94 BD 6 D4 0 0 289 0 0 3
5 F5 0 EC 0 1 0 1 0 3
A9 6A 95 12 0 0 12 0 0 3
AE 5A 7 D4 1 1 FF3E 0 0 21
9D ED E4 81 1 0 FF81 0 0 3
F0 19 8 EC 0 0 103 0 0 3
34 78 8C A 0 0 A 0 0 3
E 5F D6 2C 1 0 2C 0 0 3
88 1F 47 B1 0 1 B1 0 0 21
CA 9B 77 98 1 1 FF98 0 0 21
D9 A4 4C C4 0 1 CA 0 0 21
22 D 0 7D 1 1 0 1 0 3
A E3 0 21 0 1 0 1 0 3
2E 4F DA 57 1 1 57 0 0 21
6F 89 69 7B 1 0 7B 0 0 3
22 41 C 19 0 0 19 0 0 3
BF 96 10 92 0 1 101 0 0 21
13 0 F 56 0 1 56 0 0 21
EA 75 B B7 1 0 FFB6 0 0 3
73 C0 11 BA 1 1 FFA1 0 0 21
DB 74 85 E0 1 0 FFE0 0 0 3
71 80 2 D6 0 1 EF6 0 0 21
B3 16 11 9F 0 1 AC 0 0 21
35 E0 F5 EB 0 0 EB 0 0 3
86 12 11 D3 0 0 D3 0 0 3
D6 64 7 8A 0 0 131 0 0 3
C4 D9 10 27 0 1 CD 0 0 21
7F FC CC D7 0 1 D7 0 0 21
AB C0 B 9 1 0 B 0 0 3
A5 D6 B A 1 1 29 0 0 21
68 BC 7C 63 0 0 63 0 0 3
7F 1F B6 38 1 1 38 0 0 21
F7 A4 5 8A 0 1 6DE 0 0 21
D5 15 B 2E 0 1 52 0 0 21
D3 34 D 6E 1 0 6E 0 0 3
6B 38 C C 1 0 D 0 0 3
A6 22 2 66 0 0 5E9 0 0 3
FC E4 C 13 1 0 13 0 0 3
DA F7 9A C0 1 1 FFC0 0 0 21
35 AB D 89 0 0 8A 0 0 3
35 1B F6 99 0 0 99 0 0 3
F ED 11 1 0 0 1 0 0 3
3F FF E FC 1 0 FFFC 0 0 3
B9 A3 32 E4 0 0 E4 0 0 3
42 FC D AE 0 0 B0 0 0 3
53 D4 45 E7 0 0 E7 0 0 3
A3 18 9 3E 0 0 45 0 0 3
5D 67 A D0 0 0 D9 0 0 3
BB A9 75 22 0 0 22 0 0 3
B7 9A CC ED 0 0 ED 0 0 3
C5 F9 11 3E 0 0 3E 0 0 3
DE 3F 8A B4 1 0 FFB4 0 0 3
5 1F 66 67 0 1 67 0 0 21
3D 1B 1 CA 0 0 401 0 0 3
A4 23 D 32 1 1 1F 0 0 21
1E A5 3 C6 1 0 FE71 0 0 3
32 8B 10 3 1 1 FFED 0 0 21
6F 24 2 36 1 0 41D 0 0 3
3A EE BB 1B 1 0 1B 0 0 3
94 4B 39 20 1 1 1E 0 0 21
FC 5E 3A 3C 1 0 3C 0 0 3
4C FF 8 35 1 0 35 0 0 3
D4 A1 D2 1B 1 0 1B 0 0 3
E1 4A 11 4C 0 0 4C 0 0 3
67 9B 5F E7 1 0 FFE7 0 0 3
B3 49 2 C 1 0 FA8F 0 0 3
8 50 D F 0 1 12 0 0 21
B3 A1 48 6C 0 0 6C 0 0 3
51 88 40 A1 1 1 FF9F 0 0 21
5D A4 F E5 0 1 128 0 0 21
84 71 0 FA 0 1 0 1 0 3
A7 7C D 72 0 0 74 0 0 3
DA 61 4 D5 1 0 FEEF 0 0 3
B0 75 9 44 1 1 FFD1 0 0 21
9B 3E F9 4E 0 1 4E 0 0 21
69 AF 4 40 1 0 FE2D 0 0 3
7F F8 F4 A1 1 0 FFA1 0 0 3
C6 0 10 85 0 1 85 0 0 21
F6 F7 9 38 0 1 326 0 0 21
BD 5F 25 7C 1 1 78 0 0 21
9F 27 4E 4A 0 0 4A 0 0 3
AC A7 17 D3 1 0 FFD3 0 0 3
FC 25 5 1E 1 1 19 0 0 21
79 8F 3 3A 0 1 7BC 0 0 21
4E 2A D 60 1 1 73 0 0 21
65 D7 9 65 0 1 171 0 0 21
10 7A 1 B0 0 0 480 0 0 3
1 95 F2 96 1 0 FF96 0 0 3
34 58 C 38 1 1 57 0 0 21
39 57 D2 ED 0 1 ED 0 0 21
B4 5E 68 47 0 1 48 0 0 21
89 A7 2 5 1 1 A5C 0 0 21
66 93 5 41 1 1 FE85 0 0 21
BC BC 7 89 0 0 19D 0 0 3
52 7C D 38 0 0 39 0 0 3
BF A1 9F 77 0 0 77 0 0 3
DC A1 33 8F 0 1 9C 0 0 21
4F 33 72 A1 0 1 A1 0 0 21
A1 40 2 96 1 0 F9A6 0 0 3
18 C2 B5 82 0 1 82 0 0 21
42 7B 1 23 1 0 FFE 0 0 3
D4 5A 9C EE 1 0 FFEE 0 0 3
B4 38 2 31 1 0 FC09 0 0 3
55 78 F 91 1 0 FF91 0 0 3
62 2B CC 63 0 1 63 0 0 21
68 C 8 B8 0 0 BC 0 0 3
1A E3 2 A3 0 1 666 0 0 21
D8 F4 1 DD 0 0 67CD 0 0 3
C7 58 F BE 1 0 FFBE 0 0 3
40 F2 BD 69 0 1 69 0 0 21
35 1D 2 44 1 0 1C4 0 0 3
E9 4C 39 56 1 0 56 0 0 3
11 66 3 55 0 0 12D 0 0 3
21 48 3C 54 1 0 54 0 0 3
51 C6 7 D9 1 0 FFB5 0 0 3
65 D1 10 E6 0 1 138 0 0 21
47 DF C 88 0 1 F5 0 0 21
87 8B 0 6B 1 1 0 1 0 3
74 28 5D 5E 0 1 5E 0 0 21
FC 0 7 8 0 0 8 0 0 3
19 5F 51 12 0 1 12 0 0 21
11 BA 69 E3 1 1 FFE3 0 0 21
E1 3 9 60 1 1 5F 0 0 21
D8 8E B2 C8 1 1 FFC8 0 0 21
F4 AA C 88 0 0 92 0 0 3
CD DC D2 4E 0 1 4F 0 0 21
6C E0 2 91 1 0 FC31 0 0 3
C8 68 F4 7E 0 1 7E 0 0 21
FE A7 64 A5 0 0 A5 0 0 3
C0 55 4 6D 1 0 FF19 0 0 3
F4 8F 10 B1 1 1 FFB6 0 0 21
34 E9 23 35 0 1 3E 0 0 21
B 81 0 C2 1 1 0 1 0 3
66 83 8 D2 1 0 FFA1 0 0 3
86 83 2 7E 0 0 11A2 0 0 3
28 40 4F AB 0 0 AB 0 0 3
AB 40 E6 98 1 1 FF98 0 0 21
99 7C 2F 5 0 1 D 0 0 21
57 F5 10 DF 0 1 132 0 0 21
FD E E7 6D 1 1 6D 0 0 21
E9 15 4 EC 0 0 21D 0 0 3
76 B5 2 7E 0 1 1559 0 0 21
38 41 D3 D3 1 0 FFD3 0 0 3
65 46 46 88 0 0 88 0 0 3
34 99 C 34 0 0 35 0 0 3
97 11 A 8D 1 0 FF8C 0 0 3
E9 D3 C6 69 1 0 69 0 0 3
85 D 3 3E 1 1 FF8D 0 0 21
6D DB 7F 55 1 1 55 0 0 21
A3 89 1 68 0 1 57A3 0 0 21
18 B 11 86 1 1 FF86 0 0 21
4F F8 C 59 0 1 E1 0 0 21
D4 FF 4F 12 1 0 12 0 0 3
BB F9 91 D6 1 1 FFD6 0 0 21
C9 F8 4 BA 1 0 FFD5 0 0 3
7E 8F D1 B5 0 0 B5 0 0 3
F5 D3 C 15 0 0 21 0 0 3
E3 24 E 4F 0 0 4F 0 0 3
C E1 F0 24 0 1 24 0 0 21
8F E0 9 B7 0 1 242 0 0 21
A4 69 8F EA 0 0 EA 0 0 3
53 C2 6E EA 1 0 FFEA 0 0 3
8D 6E 9C 5B 1 1 5B 0 0 21
5A FE 8 DB 0 0 134 0 0 3
C7 8B 85 7B 0 1 7C 0 0 21
28 11 8 C 0 1 16 0 0 21
28 BB 3 8D 1 0 FE34 0 0 3
26 E7 E6 91 0 0 91 0 0 3
17 4F 43 16 0 0 16 0 0 3
9A 82 F CB 0 0 CB 0 0 3
A7 AA 2 A5 0 0 1C5E 0 0 3
D0 A0 1 37 1 0 937 0 0 3
28 D4 4 67 0 0 279 0 0 3
EF C2 0 F0 0 0 B60E 0 0 3
83 9C 5C D2 0 0 D2 0 0 3
D9 CE F 94 0 0 95 0 0 3
CF C5 0 77 1 1 0 1 0 3
59 20 A0 3D 1 1 3D 0 0 21
ED CA C 5F 0 1 1AB 0 0 21
B7 AA 0 29 1 0 18AF 0 0 3
86 98 6 CD 1 0 93 0 0 3
1B 5F E6 A8 1 0 FFA8 0 0 3
90 97 7 7A 0 1 235 0 0 21
B 2F 7 2B 0 1 35 0 0 21
2E 48 F9 47 1 0 47 0 0 3
16 0 6 B6 1 1 FFB6 0 0 21
A0 32 A E1 1 1 FFB1 0 0 21
7 52 D 64 0 0 64 0 0 3
D 2B FD E7 1 0 FFE7 0 0 3
60 69 1 4A 0 0 13FA 0 0 3
BE BF 50 91 1 1 FF91 0 0 21
63 55 FA DC 0 0 DC 0 0 3
F4 BC 1 75 1 0 20D 0 0 3
B CF 5 C6 1 1 FFB1 0 0 21
54 71 F2 9F 0 0 9F 0 0 3
AF C7 4 16 1 0 136 0 0 3
14 A9 29 26 0 1 28 0 0 21
EE BD AB 56 1 1 56 0 0 21
14 DC 65 87 0 0 87 0 0 3
E6 2F 2 9D 1 0 FE6C 0 0 3
E8 17 5 4D 1 0 3C 0 0 3
75 2C 10 65 1 1 79 0 0 21
5A 9E 2 FF 1 1 F762 0 0 21
44 E2 3 19 0 0 79A 0 0 3
36 CA F DF 0 1 10F 0 0 21
C6 1E 66 D1 0 0 D1 0 0 3
10 11 8 7E 1 0 7F 0 0 3
85 E1 1 5D 0 1 7542 0 0 21
6D B7 7 1B 0 0 B6 0 0 3
0 1C 0 E3 0 0 E3 0 0 3
55 AC 10 59 0 1 92 0 0 21
B6 10 ED 2D 1 0 2D 0 0 3
CF C6 8 BF 1 0 FFCA 0 0 3
A5 4 64 7 1 0 7 0 0 3
5B B 8A ED 0 0 ED 0 0 3
8E 5 5 3C 1 1 26 0 0 21
D8 C9 9 2F 0 1 247 0 0 21
68 8C 2 D5 0 0 F0D 0 0 3
54 4B C9 A7 1 0 FFA7 0 0 3
D5 E 1 F 1 1 FDB5 0 0 21
1A 47 2B 73 0 0 73 0 0 3
6F AA D 5F 1 1 27 0 0 21
6F 3A 47 9A 1 1 FF9B 0 0 21
DA 34 F 4C 1 1 44 0 0 21
8F AD 6E F0 1 0 FFF0 0 0 3
E4 82 A 2D 0 1 155 0 0 21
94 8F 6B EC 1 0 FFEC 0 0 3
D2 EF E D7 0 0 DA 0 0 3
5F BB 14 11 0 1 3D 0 0 21
4C 64 50 A2 1 1 FFA3 0 0 21
31 DF C F 0 1 5A 0 0 21
FB E4 6 73 1 1 76 0 0 21
F1 C2 4 84 0 1 BEE 0 0 21
8F A8 57 FC 1 1 FFFD 0 0 21
2 69 C AC 1 1 FFAD 0 0 21
1F C9 C A9 0 1 D4 0 0 21
BD CB 9E 82 0 1 83 0 0 21
87 C2 4 B2 1 1 186 0 0 21
0 31 3 F9 1 0 FFF9 0 0 3
50 F5 0 B0 1 0 FC40 0 0 3
DC 4C 7 77 1 0 62 0 0 3
DE 21 D6 A3 1 1 FFA3 0 0 21
E6 83 4E 77 0 1 7B 0 0 21
B4 A8 62 7C 0 1 7F 0 0 21
DF DC 2 5F 0 0 3048 0 0 3
6F 4D E 77 1 0 77 0 0 3
52 34 8B 6 1 1 6 0 0 21
C7 D2 51 A7 0 1 AD 0 0 21
CE 96 E1 85 1 0 FF85 0 0 3
D7 D5 3C 44 1 1 44 0 0 21
31 18 92 66 0 0 66 0 0 3
E BA 1 24 1 1 FC50 0 0 21
9B A0 B6 85 0 1 85 0 0 21
44 41 0 6 0 0 114A 0 0 3
D9 88 3B 2C 1 0 2C 0 0 3
7 89 12 94 1 1 FF92 0 0 21
65 C8 C 2B 1 1 4 0 0 21
4A B6 B0 84 1 0 FF84 0 0 3
B1 3B 4 E0 0 0 36C 0 0 3
B 86 40 66 1 1 66 0 0 21
4E 56 5 75 1 0 146 0 0 3
3A ED 1E EC 1 0 FFEC 0 0 3
C6 19 40 2D 0 0 2D 0 0 3
11 27 3 F 0 1 58 0 0 21
8E 64 B 3 0 0 9 0 0 3
D5 D C DF 1 1 FFDC 0 0 21
E4 19 1 BA 0 0 BDC 0 0 3
63 C2 2E B 1 0 B 0 0 3
AA DF 8 32 0 1 282 0 0 21
E0 C A2 16 1 1 16 0 0 21
C2 50 10 A9 1 0 FFA9 0 0 3
9F 93 3 B0 1 1 446 0 0 21
AE E6 6 C1 1 1 FFFC 0 0 21
C8 F9 3 FE 1 1 29 0 0 21
DC 9E 4 A1 1 1 7D 0 0 21
15 AE A2 14 0 1 14 0 0 21
66 B0 0 38 1 1 0 1 0 3
3F 66 7B 14 0 0 14 0 0 3
44 7D 7D 51 1 1 51 0 0 21
2 41 1 B7 1 1 39 0 0 21
AB B5 F 21 1 0 21 0 0 3
7E EA 57 E8 0 0 E8 0 0 3
57 E8 9 FE 1 0 FFFA 0 0 3
E1 5 31 AC 1 1 FFAC 0 0 21
ED 78 33 72 1 0 72 0 0 3
78 65 2 C0 1 0 B96 0 0 3
24 B8 A 11 1 0 F 0 0 3
D9 53 1 69 1 1 F3C4 0 0 21
53 46 E 83 0 0 83 0 0 3
67 60 2D 4E 0 0 4E 0 0 3
4F 15 93 DD 0 1 DD 0 0 21
68 9D 31 B0 0 1 B6 0 0 21
43 89 11 3 1 0 3 0 0 3
7B D6 1 2F 1 0 F618 0 0 3
B1 36 A4 D7 1 0 FFD7 0 0 3
9B 4F EF B7 0 1 B7 0 0 21
30 9E 10 FF 0 0 FF 0 0 3
29 97 B 25 1 0 23 0 0 3
9E 2 5 77 1 0 71 0 0 3
1 65 1F 93 0 1 93 0 0 21
9F 57 5 82 1 0 FE7B 0 0 3
B6 7D 8 6A 1 1 FFDA 0 0 21
65 45 3F 8A 0 1 8B 0 0 21
C1 E0 CE 23 0 1 24 0 0 21
FC 70 7 E0 1 0 FFDD 0 0 3
B6 B3 8 C8 1 1 21 0 0 21
89 BB 1 29 0 1 643C 0 0 21
91 42 10 AB 1 0 FFAB 0 0 3
6E CB 11 FE 1 1 FFEA 0 0 21
EF 4A 9 DF 1 0 FFDD 0 0 3
50 DF 3 AD 0 0 963 0 0 3
F6 13 F3 81 1 0 FF81 0 0 3
D5 A1 4 28 1 0 127 0 0 3
2B B5 1 33 0 0 F66 0 0 3
2A 6F B0 E4 1 1 FFE4 0 0 21
F7 C3 7 FA 0 1 4D0 0 0 21
7C DB 8 8C 1 1 FF45 0 0 21
1D 67 3 E9 1 1 134 0 0 21
57 76 1 75 1 1 288F 0 0 21
36 88 3 43 0 0 3D9 0 0 3
D 31 41 79 1 0 79 0 0 3
FD 6D 7F 3B 1 1 3B 0 0 21
33 23 4D F 0 0 F 0 0 3
A1 AF 0 6F 0 1 0 1 0 3
21 37 47 C6 0 0 C6 0 0 3
81 80 10 C8 1 0 FFC8 0 0 3
2C 52 12 54 1 0 54 0 0 3
7F ED DF CA 0 1 CA 0 0 21
1F 2 F0 CE 1 1 FFCE 0 0 21
BD 5E 2 AD 1 0 F987 0 0 3
98 E8 5C 74 0 0 74 0 0 3
A4 8F 8 B6 1 0 FFDE 0 0 3
DC 91 7 7 0 0 100 0 0 3
17 37 8F 54 0 1 54 0 0 21
E D1 7 F6 0 1 131 0 0 21
89 32 8 7F 1 0 68 0 0 3
13 1A C C7 0 0 C7 0 0 3
66 A8 F 90 0 0 90 0 0 3
69 FF 0 EB 1 1 0 1 0 3
EE D9 42 47 1 1 47 0 0 21
19 CE 62 F8 0 1 F8 0 0 21
8 46 CA CA 0 1 CA 0 0 21
4 DF A1 6 0 0 6 0 0 3
71 29 C AC 0 1 CC 0 0 21
74 80 9 4E 1 0 31 0 0 3
BF 7B 4D C8 1 1 FFC7 0 0 21
43 67 6 AE 0 1 16D 0 0 21
25 E7 E 69 1 0 69 0 0 3
73 72 E4 B 0 1 B 0 0 21
E5 8C 6 7B 0 0 26F 0 0 3
5F 59 2 58 1 1 899 0 0 21
1F 26 B F8 0 1 101 0 0 21
42 7D F F 0 0 F 0 0 3
30 DA F1 AB 0 1 AB 0 0 21
B8 75 37 45 0 1 4C 0 0 21
B2 B4 FE 64 0 1 64 0 0 21
8A 36 11 8B 1 0 FF8B 0 0 3
8A 60 3A 6E 0 1 71 0 0 21
92 D 4A DA 1 1 FFDA 0 0 21
8 AB A 5C 0 1 69 0 0 21
1C 94 87 26 1 1 26 0 0 21
57 E2 76 DF 0 0 DF 0 0 3
FC 27 82 0 0 0 0 0 0 3
EB E2 AC B6 0 1 B7 0 0 21
CF 53 77 93 0 0 93 0 0 3
96 DF F8 F0 0 0 F0 0 0 3
6C 55 11 31 1 1 50 0 0 21
82 46 B7 EA 0 0 EA 0 0 3
CE D1 8 C3 0 0 16B 0 0 3
2 FB 2 FF 1 1 FFFD 0 0 21
12 97 B1 7C 0 0 7C 0 0 3
FE D1 33 4B 1 0 4B 0 0 3
1C 3E 0 2C 1 0 6F4 0 0 3
40 F4 D 77 0 1 D3 0 0 21
C0 29 C C2 1 1 FFB0 0 0 21
23 34 5C C8 1 0 FFC8 0 0 3
E3 34 7 B2 0 0 10E 0 0 3
8 44 DA 95 0 0 95 0 0 3
F1 B3 0 70 1 1 0 1 0 3
69 2C 3 34 0 0 275 0 0 3
5D 5A E 5C 0 0 5C 0 0 3
B6 3A 5B A6 1 0 FFA6 0 0 3
A6 3E 6 FC 0 0 19C 0 0 3
86 B7 B D9 0 1 1A3 0 0 21
48 A9 5 49 0 1 22F 0 0 21
13 ED 7 25 0 1 80 0 0 21
3F 91 11 3 1 0 3 0 0 3
D1 C7 A B1 1 0 FFB3 0 0 3
1 9 1 8B 1 0 FF8F 0 0 3
B0 ED 75 7A 0 0 7A 0 0 3
F4 26 76 6B 1 0 6B 0 0 3
2A 7E 22 E5 1 1 FFE9 0 0 21
C7 30 11 7B 0 0 7B 0 0 3
6A 75 10 34 0 1 64 0 0 21
A4 26 7 28 1 0 D 0 0 3
DC 76 13 E2 1 0 FFE2 0 0 3
3C 66 4 65 1 0 1E3 0 0 3
A1 85 4C F2 1 0 FFF2 0 0 3
EC D2 30 9C 0 0 9C 0 0 3
58 17 D D9 1 1 FFE4 0 0 21
A8 46 8 9F 1 1 FF3F 0 0 21
E4 A7 7 E1 1 0 FFF4 0 0 3
16 9 3 EF 1 1 5 0 0 21
21 24 85 FE 1 0 FFFE 0 0 3
D7 BA 3 16 0 0 139C 0 0 3
CD 3D E 3C 1 1 2D 0 0 21
68 F5 59 CE 0 0 CE 0 0 3
5E 1D 50 B3 1 1 FFB3 0 0 21
FD 70 6 23 0 0 1DD 0 0 3
BC F2 34 6E 0 0 6E 0 0 3
6B AD 48 7A 1 1 79 0 0 21
7 D1 3 69 0 0 11F 0 0 3
A1 95 36 D4 0 1 DC 0 0 21
EF C7 33 DF 1 0 FFDF 0 0 3
A4 84 6A B8 1 0 FFB8 0 0 3
D 17 4F 0 1 1 0 0 0 21
8D FF 9 13 0 1 1CE 0 0 21
56 D6 D3 CF 1 1 FFCF 0 0 21
ED 1C A BD 1 1 FFB8 0 0 21
87 FA A 53 0 0 73 0 0 3
6A 27 4E 55 1 0 55 0 0 3
55 4 11 79 0 0 79 0 0 3
56 F0 4 85 1 0 FF2F 0 0 3
9D 24 8D A6 1 0 FFA6 0 0 3
B5 96 1 5 1 0 F8C 0 0 3
52 D5 C 5F 1 0 5F 0 0 3
26 16 B 81 1 0 FF81 0 0 3
8B 85 17 22 1 1 3D 0 0 21
97 CF 2C 22 0 0 22 0 0 3
F3 BC C F9 0 0 104 0 0 3
26 25 9 A9 1 0 FFAB 0 0 3
F3 75 C B9 1 1 FFAF 0 0 21
74 21 F 3C 1 0 3C 0 0 3
36 18 3 79 1 0 11B 0 0 3
87 C2 F4 1C 0 1 1C 0 0 21
46 BE 5E 90 1 1 FF90 0 0 21
32 12 A 6 1 1 F 0 0 21
91 EA D B 0 0 F 0 0 3
D2 57 B6 0 0 1 0 0 0 21
F4 84 4 D2 0 0 8AF 0 0 3
76 5E 99 54 1 0 54 0 0 3
81 D5 64 69 0 0 69 0 0 3
E8 85 2 DF 0 0 1F01 0 0 3
2 3E 28 A6 1 0 FFA6 0 0 3
77 43 25 8 0 1 D 0 0 21
53 10 7 32 0 0 3C 0 0 3
82 DA 10 50 0 0 50 0 0 3
4D D6 3 68 1 0 FED4 0 0 3
F7 68 7D 77 0 1 78 0 0 21
7F 3E A4 74 0 0 74 0 0 3
D9 D0 2 FB 0 0 2D0F 0 0 3
C2 F5 F B2 1 1 FFB5 0 0 21
93 91 D 2E 0 0 30 0 0 3
46 66 15 8D 1 1 FF9D 0 0 21
5E A9 80 AE 1 0 FFAE 0 0 3
2B 2F 52 AC 1 1 FFAC 0 0 21
75 50 9 F5 1 1 68 0 0 21
D4 30 85 25 0 1 25 0 0 21
1D A 53 4E 1 0 4E 0 0 3
64 52 AE F0 1 0 FFF0 0 0 3
D4 7F 8 26 0 1 1CA 0 0 21
8C 6D 9 76 1 0 5E 0 0 3
B8 D3 4 DD 0 0 A57 0 0 3
D6 1 1A 1F 1 0 1F 0 0 3
3B 84 AC DE 0 1 DE 0 0 21
12 A4 32 9 1 0 9 0 0 3
C3 CB A4 DD 0 1 DE 0 0 21
BA 54 D F3 1 1 FFD1 0 0 21
AF 8B C1 38 1 0 38 0 0 3
A9 19 D 8F 0 0 8F 0 0 3
89 9F 4 96 0 1 5E7 0 0 21
DE 7D 52 D5 1 1 FFD5 0 0 21
48 CF 5 87 0 0 258 0 0 3
65 0 45 62 0 1 62 0 0 21
63 42 5 E3 0 1 1E8 0 0 21
C CA 1F 8E 0 0 8E 0 0 3
70 FD 0 AA 0 0 6F5A 0 0 3
C4 D5 24 FD 1 1 FFFE 0 0 21
9E E6 E4 D 0 0 D 0 0 3
29 CA C 73 1 0 73 0 0 3
E E4 10 53 0 1 5F 0 0 21
69 4B F 5C 0 1 7F 0 0 21
64 66 C 2F 0 1 75 0 0 21
53 E7 67 44 1 0 44 0 0 3
B0 E7 D1 F1 0 1 F1 0 0 21
A1 1A DB 13 1 1 13 0 0 21
99 7A 8 F 1 1 FF4B 0 0 21
F6 47 A9 A9 1 0 FFA9 0 0 3
A2 EE C CC 0 1 1D7 0 0 21
E2 D9 B9 8F 1 1 FF8F 0 0 21
DB 20 4 6 0 0 1BC 0 0 3
93 AE 8E E7 1 0 FFE7 0 0 3
84 9E 4 F8 0 0 60F 0 0 3
78 93 1 EC 1 0 E660 0 0 3
E2 E3 6 C6 0 1 657 0 0 21
27 8A 4 E0 0 0 230 0 0 3
40 21 99 63 0 1 63 0 0 21
91 49 97 D5 1 0 FFD5 0 0 3
71 CD F6 2D 0 1 2D 0 0 21
34 BB 37 EE 0 0 EE 0 0 3
38 84 B6 CF 0 1 CF 0 0 21
80 9E 9 39 0 1 132 0 0 21
12 74 81 CF 0 0 CF 0 0 3
8F FC F 9A 0 0 9B 0 0 3
C6 B8 10 7F 0 1 10D 0 0 21
CF 3B 3 84 0 1 5D1 0 0 21
BE D7 1 2 0 0 4FCB 0 0 3
A3 7E 7 A0 1 0 FF45 0 0 3
99 FD 9E 8A 1 1 FF8A 0 0 21
AA 78 F F7 0 0 F7 0 0 3
A6 7D A2 50 0 1 50 0 0 21
E5 DC CF 27 0 0 27 0 0 3
DA 5E DE 9D 1 0 FF9D 0 0 3
E0 B8 1A 28 0 1 64 0 0 21
21 7C F 97 1 0 FF97 0 0 3
15 F5 C D8 1 0 FFD8 0 0 3
C 95 89 96 0 0 96 0 0 3
14 2B 6C F2 0 1 F2 0 0 21
D9 F8 D6 76 0 0 76 0 0 3
EA B8 B1 F7 0 1 F8 0 0 21
A6 61 0 C6 1 1 0 1 0 3
C4 AA B4 68 1 1 68 0 0 21
50 7F 1 50 0 0 1428 0 0 3
64 DA 5 F8 0 1 460 0 0 21
F5 8D BF CE 0 0 CE 0 0 3
8F 16 6E C0 1 0 FFC0 0 0 3
CD DA 1 A1 0 0 57EA 0 0 3
3E 28 1 2F 0 1 9DF 0 0 21
78 3 F3 FE 0 0 FE 0 0 3
9E F3 BC 50 0 1 51 0 0 21
72 2B 4E AD 1 0 FFAD 0 0 3
1E E8 35 1B 0 1 1D 0 0 21
1F D6 5 17 1 0 FFEF 0 0 3
EB 5A ED 1 0 1 1 0 0 21
44 BF EC E4 0 0 E4 0 0 3
E6 42 4 21 1 1 FFB6 0 0 21
39 F1 55 AF 1 0 FFAF 0 0 3
29 DC 3 DC 0 0 543 0 0 3
26 98 8D 12 1 1 12 0 0 21
56 58 BE EA 0 1 EA 0 0 21
E6 1B 3B 3B 0 0 3B 0 0 3
57 F1 CA A1 1 0 FFA1 0 0 3
CC 9B 5 AD 1 0 51 0 0 3
3E 15 83 58 1 0 58 0 0 3
E0 9C 1F 9E 0 0 9E 0 0 3
AF 31 9 6C 1 1 3B 0 0 21
4D 74 7B 31 1 0 31 0 0 3
5C 15 51 AC 0 1 AC 0 0 21
C6 3B 47 B0 1 1 FFB0 0 0 21
13 75 8 70 1 0 78 0 0 3
6B E 5F 72 0 1 72 0 0 21
C6 78 11 4F 1 1 37 0 0 21
47 86 52 BD 0 1 BE 0 0 21
45 EB 9C 21 0 0 21 0 0 3
42 30 6 2B 1 0 5C 0 0 3
B9 7F 3 B6 0 1 AE8 0 0 21
12 78 2 15 0 0 231 0 0 3
D9 15 B9 EE 0 0 EE 0 0 3
E DC 6 13 1 1 5 0 0 21
F7 78 D 3E 1 0 3E 0 0 3
E0 C7 10 45 0 0 45 0 0 3
37 24 45 7 1 1 7 0 0 21
54 62 10 D 1 0 D 0 0 3
4 75 1F C3 1 1 FFC3 0 0 21
5D 46 F 5F 0 1 7B 0 0 21
E0 4F 8C 47 0 0 47 0 0 3
1D E E0 A7 0 1 A7 0 0 21
38 FA FB E3 1 0 FFE3 0 0 3
74 2A 4 3 1 0 133 0 0 3
38 2E 6 20 0 0 48 0 0 3
F1 16 11 57 1 1 56 0 0 21
EB 22 2B D6 0 0 D6 0 0 3
79 13 F8 25 1 0 25 0 0 3
88 6D 52 4E 0 0 4E 0 0 3
CE D8 13 CF 1 1 FFD4 0 0 21
AE 2B DC 66 1 1 66 0 0 21
7 57 CF C3 0 0 C3 0 0 3
F6 43 B1 B6 1 0 FFB6 0 0 3
5A CB 9 C4 0 0 E7 0 0 3
B8 E7 4 57 0 1 AB7 0 0 21
33 A8 48 CC 1 0 FFCC 0 0 3
4B E 4 E4 1 1 25 0 0 21
2C 8F 4D B1 0 1 B2 0 0 21
23 69 0 15 1 1 0 1 0 3
91 28 3 3D 0 1 2C1 0 0 21
F0 64 1 4B 0 1 5E0B 0 0 21
D7 16 A6 B3 0 0 B3 0 0 3
1D 43 0 DD 0 0 874 0 0 3
32 42 B 24 1 1 3F 0 0 21
7F 94 9 55 0 0 79 0 0 3
42 0 5C BF 1 0 FFBF 0 0 3
B5 9A 38 18 1 1 1A 0 0 21
F1 C3 11 FA 0 1 19C 0 0 21
90 4 8 30 1 0 2F 0 0 3
EB 9C 14 61 0 0 61 0 0 3
73 2A 2 D0 0 0 587 0 0 3
E4 8C 4 ED 0 1 8B8 0 0 21
E6 EB AD 4 1 0 4 0 0 3
AB 1D 0 8C 1 0 F5EB 0 0 3
58 6D 1 60 1 1 25D8 0 0 21
65 90 AD C0 0 1 C0 0 0 21
E5 E7 7 28 0 1 45F 0 0 21
BC 21 7 7E 0 1 FC 0 0 21
1F 8B 9 4C 1 1 20 0 0 21
D2 2E 0 C 0 0 25C8 0 0 3
C1 80 6C D4 0 1 D6 0 0 21
E9 E2 12 5A 0 0 5A 0 0 3
BA 3C 3 68 0 1 540 0 0 21
35 DA 5 7A 1 1 2A 0 0 21
CA 6 1A 6E 1 1 6E 0 0 21
34 A0 19 89 0 0 89 0 0 3
3D A0 8 23 1 1 FFC8 0 0 21
CF A9 AC 0 1 0 0 0 0 3
1A A8 1 2 1 1 F712 0 0 21
66 E4 66 6C 1 0 6C 0 0 3
62 4F A1 8D 1 1 FF8D 0 0 21
39 8 2B 45 0 0 45 0 0 3
B2 80 66 FD 0 0 FD 0 0 3
B7 C 5 E8 0 0 12C 0 0 3
21 5B CF 40 0 0 40 0 0 3
A5 A4 37 BC 1 0 FFBC 0 0 3
C2 6F 7A B9 0 0 B9 0 0 3
73 E2 4C 59 0 1 5D 0 0 21
4D 73 5 FA 0 0 20E 0 0 3
AB 7 6 6F 1 0 66 0 0 3
60 3F D E6 0 1 109 0 0 21
F 87 2 D0 1 0 FE0B 0 0 3
11 C5 3 8C 0 1 200 0 0 21
BE 43 8 8B 0 1 151 0 0 21
43 CB E F5 0 1 13A 0 0 21
D3 70 5 88 1 1 FEBF 0 0 21
B7 89 CE 47 1 0 47 0 0 3
60 19 4B 34 0 1 34 0 0 21
64 93 0 EF 0 1 0 1 0 3
3 D7 F BB 1 0 FFBB 0 0 3
6C 2D 8 22 0 1 6D 0 0 21
F9 64 11 7D 0 1 D3 0 0 21
5 33 8C 99 1 0 FF99 0 0 3
29 87 30 94 1 0 FF94 0 0 3
CB 20 5B CB 0 0 CB 0 0 3
44 4 7 D0 1 0 FFD2 0 0 3
7 79 76 D3 0 1 D3 0 0 21
CF D9 D 18 0 1 121 0 0 21
D9 45 5 F 1 1 FFA4 0 0 21
A3 7B FF D9 1 1 FFD9 0 0 21
2C 11 D2 8D 1 1 FF8D 0 0 21
E8 35 0 FC 1 1 0 1 0 3
A6 94 0 F7 1 1 0 1 0 3
85 1 8 21 0 0 21 0 0 3
8A B5 D 20 1 0 21 0 0 3
EF CC 2 6 1 1 E3 0 0 21
C8 E7 67 E7 0 0 E7 0 0 3
E5 3E 5 E1 1 1 FF9F 0 0 21
E B2 C 6F 1 1 68 0 0 21
DB DA 70 6C 1 1 6C 0 0 21
5B 2E 3B EB 0 0 EB 0 0 3
F9 22 B 7A 1 1 79 0 0 21
95 A5 C EB 0 0 F1 0 0 3
62 7C C5 ED 0 1 ED 0 0 21
E3 95 F 14 1 0 14 0 0 3
A2 6B 82 D7 1 1 FFD7 0 0 21
15 A2 E F7 0 0 F7 0 0 3
48 CF D C8 1 1 FFB4 0 0 21
C5 3B 39 EE 0 1 F1 0 0 21
CB AE 8 B3 0 0 13C 0 0 3
FC 19 8E 38 1 1 38 0 0 21
44 C6 7 73 0 1 185 0 0 21
66 E9 B5 1 1 0 1 0 0 3
BA FE D2 F2 1 1 FFF2 0 0 21
5F 7D B F2 1 0 FFF7 0 0 3
9B E9 7 32 0 1 313 0 0 21
77 75 C A1 0 1 101 0 0 21
AD B8 80 72 0 0 72 0 0 3
37 E7 3 2 0 1 585 0 0 21
1A A4 D 6C 0 0 6C 0 0 3
34 49 90 B9 1 1 FFB9 0 0 21
6A EE A 85 0 0 9D 0 0 3
3A 29 21 A9 1 1 FFAB 0 0 21
87 DC 11 C1 1 0 FFC1 0 0 3
B6 25 6F 14 0 0 14 0 0 3
9A 8E 5 F3 0 1 45D 0 0 21
C3 17 C 2A 0 1 49 0 0 21
15 1B 0 92 0 1 0 1 0 3
CF A9 F 5 1 0 5 0 0 3
39 69 22 6F 0 0 6F 0 0 3
A2 5C 93 80 1 0 FF80 0 0 3
9F D2 6 59 0 1 3F8 0 0 21
E4 6F 0 79 0 1 0 1 0 3
DB 2D EA CE 0 0 CE 0 0 3
99 C2 C4 32 1 0 32 0 0 3
6 67 40 DC 1 1 FFDC 0 0 21
4A B5 8 A2 1 1 FF4C 0 0 21
31 5E A 43 1 0 47 0 0 3
48 4E 0 4D 0 1 0 1 0 3
C2 8B 51 98 1 1 FF99 0 0 21
C5 2C 5 85 1 0 FF34 0 0 3
93 F8 E CF 1 1 FFD3 0 0 21
50 9C 11 DB 0 0 DB 0 0 3
DA 64 8 47 1 1 C 0 0 21
68 CF F6 75 0 0 75 0 0 3
6E 55 F C0 0 0 C0 0 0 3
CA C0 4 50 1 0 128 0 0 3
D6 A4 3A 91 0 1 9B 0 0 21
61 99 0 3E 0 1 0 1 0 3
BB 9A 3D 11 0 0 11 0 0 3
C1 B2 6 5C 1 0 A8 0 0 3
FF 22 4B FC 1 1 FFFC 0 0 21
9B 7 5 24 0 1 4F 0 0 21
E6 34 82 66 0 1 66 0 0 21
AC 28 8C 33 1 1 33 0 0 21
E4 34 DC A7 1 0 FFA7 0 0 3
C6 5A 2 86 0 1 11ED 0 0 21
3C 64 3 90 1 1 22A 0 0 21
F8 D2 7 78 0 1 49E 0 0 21
A5 7F 9 91 0 1 193 0 0 21
67 CE A 97 0 1 16B 0 0 21
CD 46 B5 C 0 1 C 0 0 21
F8 EF A 5E 0 0 97 0 0 3
49 CB 4D DF 0 1 E1 0 0 21
3A FD BF 3C 1 1 3C 0 0 21
5D 74 4 3B 1 1 2DD 0 0 21
21 DF C 8 0 1 3B 0 0 21
42 E0 5D 8F 0 0 8F 0 0 3
7 88 CE BF 0 0 BF 0 0 3
67 5E 3 33 1 1 466 0 0 21
8F E0 A8 D9 0 1 DA 0 0 21
C 54 9 AF 0 0 B0 0 0 3
F1 DB C 7D 1 1 80 0 0 21
A5 98 DD 87 0 0 87 0 0 3
FB F 1 D2 1 1 FF87 0 0 21
7F 6D 8 4B 0 1 123 0 0 21
D5 69 C 78 1 1 59 0 0 21
17 62 3 4 1 0 11D 0 0 3
52 CA 11 A4 1 0 FFA4 0 0 3
3F C4 6 E0 1 0 FFA5 0 0 3
E4 42 D 10 1 0 10 0 0 3
B8 49 92 EB 0 1 EB 0 0 21
80 27 DD 33 1 1 33 0 0 21
1E 20 89 21 1 1 21 0 0 21
95 BC 32 28 0 0 28 0 0 3
42 28 64 93 1 0 FF93 0 0 3
5F 41 6 F8 1 0 58 0 0 3
73 8 D 4B 0 1 50 0 0 21
36 D3 B 1D 0 1 7B 0 0 21
52 BF D8 A4 1 1 FFA4 0 0 21
4D 1A 3 7E 0 0 178 0 0 3
D4 5C 1 7B 1 1 F0AB 0 0 21
20 41 4E 5A 1 1 5A 0 0 21
B1 6F A5 E4 1 0 FFE4 0 0 3
42 AD 77 C 1 0 C 0 0 3
E D9 C7 9A 0 1 9A 0 0 21
49 53 4 16 0 1 190 0 0 21
BE 93 35 EF 1 0 FFEF 0 0 3
8F DA 4 FD 0 1 899 0 0 21
BA BB 5 4A 0 0 488 0 0 3
92 D2 46 53 1 0 53 0 0 3
2D B0 8 A6 1 1 FF6E 0 0 21
2C 97 79 BA 1 0 FFBA 0 0 3
8F 6B 5 83 0 1 2E7 0 0 21
93 BC 2 B2 0 1 1BAF 0 0 21
24 63 0 5B 1 0 E47 0 0 3
16 BE 5 8A 0 0 10C 0 0 3
6 11 F A2 0 0 A2 0 0 3
1E 64 B 30 0 0 31 0 0 3
5D 42 0 75 0 1 0 1 0 3
BC 36 E 3B 0 1 6E 0 0 21
20 8F 95 41 0 0 41 0 0 3
DA 36 6 2D 1 1 FFF4 0 0 21
B8 35 5E F2 0 1 F3 0 0 21
91 C 41 D 0 1 D 0 0 21
DF A BF F8 1 0 FFF8 0 0 3
B4 6A 4C E7 1 1 FFE6 0 0 21
BA 39 66 F9 0 0 F9 0 0 3
F9 38 DE 8B 1 1 FF8B 0 0 21
F4 46 4 B8 1 0 FF84 0 0 3
25 A 7 76 1 1 7D 0 0 21
C6 8C EA 8A 1 0 FF8A 0 0 3
A2 B4 24 46 0 1 5C 0 0 21
83 61 BB 3D 0 1 3D 0 0 21
B2 93 58 82 1 0 FF82 0 0 3
C6 44 6A D2 1 0 FFD2 0 0 3
7D 86 61 A0 1 1 FF9F 0 0 21
D2 86 F B5 1 0 FFB5 0 0 3
AE 47 84 D8 1 0 FFD8 0 0 3
92 E8 8 D9 1 1 2 0 0 21
E1 8 FD 22 0 0 22 0 0 3
C 60 1 F8 1 0 238 0 0 3
78 7A 2E F7 1 1 FFFD 0 0 21
FF 80 C 50 0 1 132 0 0 21
A4 CD E 76 0 1 121 0 0 21
EE BA 2 57 1 1 192 0 0 21
A9 FA 3 3B 1 1 75 0 0 21
62 C4 86 36 1 0 36 0 0 3
F3 99 7F AC 1 0 FFAC 0 0 3
51 94 7C 7D 1 1 7D 0 0 21
76 CC 17 B1 0 1 DE 0 0 21
0 B3 6A 65 1 0 65 0 0 3
55 26 E 8E 0 0 8E 0 0 3
AF 94 2 E9 0 0 1A34 0 0 3
FB EF 2B ED 0 1 10D 0 0 21
C7 4A 10 6C 0 0 6C 0 0 3
65 3 6 6E 0 0 72 0 0 3
4C 30 88 55 0 0 55 0 0 3
2C 23 5A 95 1 1 FF95 0 0 21
98 CA EB C1 1 0 FFC1 0 0 3
36 77 10 53 1 1 6C 0 0 21
7F 9B 82 31 1 0 31 0 0 3
E1 5A A 70 1 1 55 0 0 21
D7 BE F9 84 0 1 84 0 0 21
23 F5 5 1C 0 0 127 0 0 3
8B A2 8 F2 1 0 1C 0 0 3
3E 89 3 56 0 1 405 0 0 21
5A 29 E 18 1 1 2A 0 0 21
63 D5 F0 3E 1 1 3E 0 0 21
A8 33 2A C6 0 1 CA 0 0 21
58 25 C B6 0 1 CC 0 0 21
81 C0 8 80 1 1 FFFF 0 0 21
42 EF B9 E4 0 1 E4 0 0 21
F3 39 19 73 1 0 73 0 0 3
AA 31 8 29 1 0 19 0 0 3
EE 2B D 56 0 1 92 0 0 21
8C 70 4 37 1 1 FD0B 0 0 21
7F 11 0 4 0 0 873 0 0 3
8 F3 C 4F 0 1 5C 0 0 21
60 5A 2D 7D 0 0 7D 0 0 3
67 A7 99 CD 1 1 FFCD 0 0 21
41 67 8 80 0 0 9A 0 0 3
49 A6 8F F2 1 1 FFF2 0 0 21
CB 84 0 4D 1 1 0 1 0 3
FC AF 8 C 1 1 11 0 0 21
33 C 8 49 1 1 52 0 0 21
FA B B BD 1 1 FFBD 0 0 21
BE 28 0 78 0 0 1E28 0 0 3
69 2 E CD 0 1 CE 0 0 21
C8 E9 11 A9 1 0 FFA9 0 0 3
97 A5 F B8 1 1 FFE2 0 0 21
C5 5A 4 F6 1 1 FEAB 0 0 21
85 3C 2 F8 1 0 F8C3 0 0 3
B6 E2 50 89 1 1 FF89 0 0 21
BE 6 2 3A 1 0 FFD7 0 0 3
40 9D 7 21 0 1 EE 0 0 21
BE E2 1E 5E 1 0 5E 0 0 3
C 38 E3 7F 0 0 7F 0 0 3
4C 4A A 33 0 1 6B 0 0 21
31 9F 11 D8 1 1 FFC8 0 0 21
20 70 11 1B 1 0 1B 0 0 3
67 BF 94 4D 0 1 4D 0 0 21
A3 F7 0 6 1 1 0 1 0 3
CA 48 7 E5 0 0 156 0 0 3
3F CF 11 8A 0 1 B7 0 0 21
7A AD BA 4B 1 1 4B 0 0 21
7 52 10 97 0 0 97 0 0 3
C 4D B7 34 1 1 34 0 0 21
6 E2 3E 3F 0 1 3F 0 0 21
90 33 11 FD 0 1 116 0 0 21
CA 90 8 34 0 0 A5 0 0 3
43 2C 51 C0 0 0 C0 0 0 3
6D ED 10 C7 0 1 12B 0 0 21
B0 85 C 27 1 1 6B 0 0 21
8D 54 D 9E 1 1 FF65 0 0 21
FF 8F C 13 0 0 1B 0 0 3
DF FE 3 31 0 1 18C6 0 0 21
7D 4D 5 F7 1 0 123 0 0 3
AE 6E 16 C9 1 0 FFC9 0 0 3
53 C2 42 19 0 1 1C 0 0 21
EC 6B 13 D3 0 1 118 0 0 21
36 3A CB A 0 0 A 0 0 3
F3 66 A 62 1 0 61 0 0 3
FE 18 B7 C0 1 1 FFC0 0 0 21
1A A3 E A2 1 1 FF96 0 0 21
84 75 0 79 0 1 0 1 0 3
47 9C 7 D5 1 1 FF45 0 0 21
A5 A7 B 59 1 1 9B 0 0 21
DB AC 9 56 1 1 7C 0 0 21
4C 1C 60 58 1 1 58 0 0 21
7E E3 F F8 1 0 FFF8 0 0 3
B3 5D 97 48 1 1 48 0 0 21
D1 6E 6C C7 1 0 FFC7 0 0 3
1 32 9 C1 0 0 C1 0 0 3
E DC 6 B8 0 1 10D 0 0 21
39 48 1 C9 1 1 FD1 0 0 21
F5 B5 84 CC 1 0 FFCC 0 0 3
8E 6B 11 E1 1 1 FFB7 0 0 21
FB 81 6A A1 0 1 A3 0 0 21
67 CB B2 C7 1 0 FFC7 0 0 3
C9 5B 1 4C 1 0 F686 0 0 3
A B0 67 FC 0 0 FC 0 0 3
FE E3 10 E8 1 0 FFE8 0 0 3
20 CC 1 3A 1 1 F9BA 0 0 21
70 F6 1 E6 1 1 FB86 0 0 21
16 DD A 9F 1 1 FF98 0 0 21
5A 25 D 31 1 0 31 0 0 3
33 8 C FE 1 0 FFFE 0 0 3
B0 CE CE 86 1 0 FF86 0 0 3
8E E7 0 F7 0 0 8119 0 0 3
7F E4 3A AD 1 0 FFAD 0 0 3
F3 C7 B D3 1 0 FFD3 0 0 3
48 38 10 C0 1 0 FFC0 0 0 3
CE 91 3C B3 1 0 FFB3 0 0 3
57 1 D2 D8 0 0 D8 0 0 3
D0 7C 6 CF 1 0 FF72 0 0 3
7D 3B B F6 0 0 F9 0 0 3
9A 1B 6 42 1 0 17 0 0 3
A1 8C FC 4D 0 0 4D 0 0 3
97 D5 13 D 0 1 66 0 0 21
4B 51 6 A1 1 0 FFFF 0 0 3
ED 5E 9 CF 0 1 1E2 0 0 21
55 63 3C 20 0 1 22 0 0 21
F8 71 9 E1 0 1 23A 0 0 21
35 1E 11 D1 1 0 FFD1 0 0 3
33 D6 A BC 1 0 FFBA 0 0 3
CD B8 AB 8E 0 0 8E 0 0 3
37 2 F9 C8 1 1 FFC8 0 0 21
6A 27 9F 3D 0 1 3D 0 0 21
53 5 5 AC 1 0 FFB8 0 0 3
D5 18 45 61 0 1 62 0 0 21
CA FD 0 A8 0 1 0 1 0 3
E7 78 3F 1B 0 0 1B 0 0 3
C3 89 11 3B 0 1 97 0 0 21
AE B2 2 98 1 1 5D7 0 0 21
36 8C 7A A7 0 0 A7 0 0 3
13 22 14 62 1 0 62 0 0 3
20 74 C7 39 0 1 39 0 0 21
4B 98 10 63 0 0 63 0 0 3
E0 49 8 BA 0 1 1B9 0 0 21
D7 CA 3 D5 1 0 E9 0 0 3
7C 3B 0 57 1 1 0 1 0 3
D9 6C 49 CD 0 0 CD 0 0 3
29 1F 7 D1 0 1 EA 0 0 21
7F AC 90 26 0 0 26 0 0 3
23 CD 7 22 0 1 B4 0 0 21
61 A8 A4 57 0 1 57 0 0 21
22 2E C3 6D 0 1 6D 0 0 21
5 E8 46 C0 1 0 FFC0 0 0 3
50 35 0 61 1 1 0 1 0 3
7B 23 E 82 0 0 82 0 0 3
78 73 FF 68 1 1 68 0 0 21
2E B7 6 35 0 0 B8 0 0 3
B2 D2 1 45 0 0 4947 0 0 3
89 18 7F 16 1 1 16 0 0 21
A4 6D D 60 0 1 C9 0 0 21
74 C4 4F 86 1 0 FF86 0 0 3
4E BC 60 23 0 1 24 0 0 21
C4 74 D 61 0 1 E7 0 0 21
45 E3 DD D3 1 0 FFD3 0 0 3
C7 1 10 2F 0 1 2F 0 0 21
48 44 9 97 1 1 FFD3 0 0 21
5A 62 8 D5 0 0 F7 0 0 3
42 51 FE F8 0 0 F8 0 0 3
12 A8 77 26 0 0 26 0 0 3
6C 87 8 A9 0 0 E1 0 0 3
8D 77 11 5E 1 0 5E 0 0 3
BD 4E 7 10 0 0 83 0 0 3
F2 A3 5B 45 1 1 45 0 0 21
92 E4 10 67 0 0 67 0 0 3
CD 1C 9 BD 1 0 FFBB 0 0 3
8C 14 AC 5A 1 1 5A 0 0 21
B0 A6 A3 46 0 1 47 0 0 21
9A 69 22 B0 1 1 FFA7 0 0 21
F3 3E 5 D2 1 1 FFB2 0 0 21
65 53 2 79 0 0 8A8 0 0 3
69 B4 A0 5C 0 1 5C 0 0 21
8D D5 A 61 0 1 18D 0 0 21
3B B1 8B 8B 0 0 8B 0 0 3
F0 83 89 D 1 0 D 0 0 3
7D A4 0 DE 1 0 D2F2 0 0 3
92 11 1 C2 1 0 FC1B 0 0 3
D7 23 5 64 1 1 2B 0 0 21
53 2C 9 8E 0 1 BB 0 0 21
22 B3 8 DA 1 1 FFB2 0 0 21
E3 53 14 5A 1 0 5A 0 0 3
69 E7 A 35 0 1 127 0 0 21
CA 3C 3 3E 0 0 629 0 0 3
C0 F5 20 7B 0 0 7B 0 0 3
16 22 B D2 1 0 FFD2 0 0 3
36 BE C AA 1 1 FF92 0 0 21
4B D3 C9 D4 0 0 D4 0 0 3
82 30 F1 78 0 0 78 0 0 3
BC 71 8 6 1 1 FF8E 0 0 21
BD AD B6 64 0 0 64 0 0 3
25 20 5A E2 1 1 FFE2 0 0 21
23 FF A6 DC 0 0 DC 0 0 3
89 18 2E 74 0 0 74 0 0 3
A2 94 2 73 0 1 17DD 0 0 21
E2 1 2 75 1 0 6E 0 0 3
21 3 8 51 0 1 52 0 0 21
9C B7 35 B0 0 0 B0 0 0 3
C8 85 FA 2E 1 1 2E 0 0 21
B9 C1 AE 6E 1 0 6E 0 0 3
85 15 6E A9 0 0 A9 0 0 3
F9 E1 0 8E 1 0 67 0 0 3
28 93 6 A 0 0 65 0 0 3
DB 4D 2 A5 0 0 111C 0 0 3
72 A2 44 C7 1 1 FFC5 0 0 21
5E 6B 3F E1 0 0 E1 0 0 3
48 FC 5 27 1 0 1E 0 0 3
7A E3 5E 0 0 1 3 0 0 21
54 D B7 DA 1 0 FFDA 0 0 3
7E B3 2 74 1 1 F6FB 0 0 21
3D D8 B9 F1 0 0 F1 0 0 3
E1 5B E0 4B 0 1 4B 0 0 21
5F 22 BF 8D 1 1 FF8D 0 0 21
1A 18 5F 81 0 0 81 0 0 3
56 66 10 3A 1 1 5C 0 0 21
9B AD 98 FD 1 1 FFFD 0 0 21
82 BA 10 1C 0 0 1C 0 0 3
2E 49 2 CA 1 1 311 0 0 21
1 FA 5 9D 0 0 A4 0 0 3
5B C 11 96 1 1 FF99 0 0 21
F6 BE 5A 6F 0 0 6F 0 0 3
F7 DB B3 EE 0 0 EE 0 0 3
75 23 3 87 0 1 24E 0 0 21
D8 57 E3 8E 1 0 FF8E 0 0 3
5F 35 0 7F 0 0 142A 0 0 3
11 BD 4D 57 0 0 57 0 0 3
89 51 12 BC 1 0 FFBC 0 0 3
68 39 84 9C 0 0 9C 0 0 3
A0 B3 8E 67 0 0 67 0 0 3
A8 99 11 FB 0 1 153 0 0 21
D9 89 3 AF 1 1 1B2 0 0 21
30 12 9 64 1 1 6E 0 0 21
83 C9 9E B6 0 0 B6 0 0 3
E9 A0 30 E3 0 0 E3 0 0 3
38 83 D5 DF 0 0 DF 0 0 3
14 BC 1C F0 0 0 F0 0 0 3
2 3A 7 95 1 0 FF95 0 0 3
B6 E 90 B0 1 0 FFB0 0 0 3
32 DB E1 C5 0 1 C5 0 0 21
0 F5 19 3E 1 1 3E 0 0 21
CE 54 E 92 0 1 EA 0 0 21
D4 3A 43 38 1 0 38 0 0 3
FD 99 A1 94 0 1 95 0 0 21
A2 F0 1 A8 1 0 298 0 0 3
86 C2 F1 5B 1 1 5B 0 0 21
87 8 3 FA 1 1 FF8F 0 0 21
88 A 44 BD 0 1 BD 0 0 21
EC 5D 52 40 1 0 40 0 0 3
48 91 9C 8B 1 1 FF8B 0 0 21
AF AF D 67 1 0 67 0 0 3
2B 44 8 6A 0 0 75 0 0 3
8A DF 84 CA 1 1 FFCA 0 0 21
89 CD 1C F3 1 0 FFF3 0 0 3
D9 5D 38 4D 0 0 4D 0 0 3
87 FC 6D 2D 1 1 2D 0 0 21
8B B7 7C 5F 1 0 5F 0 0 3
53 48 5 D9 1 1 C8 0 0 21
91 E1 E 11 1 1 22 0 0 21
27 9 D3 6 1 1 6 0 0 21
F 0 E B 1 0 B 0 0 3
EE 17 F D3 0 1 EB 0 0 21
50 7 6 BD 1 1 FFCC 0 0 21
D0 22 E 3C 1 0 3C 0 0 3
85 40 4 1E 0 1 232 0 0 21
2B 4D D B9 0 0 B9 0 0 3
60 5F 8 66 0 1 F4 0 0 21
E8 65 AA 4E 0 0 4E 0 0 3
F 49 A C2 0 1 CC 0 0 21
FE B6 78 70 1 1 70 0 0 21
B A7 11 F2 0 1 F8 0 0 21
C6 30 1 54 1 0 FAE4 0 0 3
5B 5A 3E 70 0 1 72 0 0 21
5F 3F F4 8E 1 1 FF8E 0 0 21
23 8F D A6 0 1 C3 0 0 21
C3 E4 7 43 1 0 50 0 0 3
B1 EF 5 44 1 0 6D 0 0 3
12 34 6D 78 0 0 78 0 0 3
94 D9 A A9 1 1 FFD3 0 0 21
2F D0 BF 20 1 1 20 0 0 21
A4 F6 5A 32 0 0 32 0 0 3
8D CE 4C 5F 0 1 64 0 0 21
36 DC 10 65 1 0 65 0 0 3
C7 A0 E 51 1 0 51 0 0 3
B3 C D5 15 0 0 15 0 0 3
A8 56 7 B1 0 1 1D7 0 0 21
E4 EB 4 2D 1 0 51 0 0 3
7B 3F 62 6D 1 0 6D 0 0 3
9D 67 6 69 0 1 22A 0 0 21
58 32 E 2F 1 1 45 0 0 21
D EE CC B9 0 0 B9 0 0 3
14 9F E2 3D 0 1 3D 0 0 21
87 E4 69 A8 0 0 A8 0 0 3
5A 3C D D0 1 1 FFEF 0 0 21
76 2D B E3 0 0 E5 0 0 3
FC 8F AD C 0 0 C 0 0 3
97 3 F 9D 0 0 9D 0 0 3
23 43 B D8 0 0 D9 0 0 3
50 52 1 93 1 1 1933 0 0 21
12 AF 10 5C 1 0 5C 0 0 3
7F 1E 8 E5 1 1 20 0 0 21
18 AA C 1D 0 0 1D 0 0 3
24 73 D 8A 1 0 FF8A 0 0 3
77 FB 5 B4 0 1 55E 0 0 21
EB F8 56 50 0 0 50 0 0 3
62 64 D 6B 0 0 6C 0 0 3
E9 D 8 16 0 1 45 0 0 21
76 66 B 83 1 1 FFE6 0 0 21
60 C6 5 71 1 1 FF93 0 0 21
BC 5 B B2 0 0 B2 0 0 3
58 6F 8 5B 0 0 81 0 0 3
88 4 E F4 1 1 FFF2 0 0 21
E9 61 11 25 0 1 73 0 0 21
3 C5 E 4D 0 1 50 0 0 21
E0 8F D E0 1 0 FFE0 0 0 3
D D9 7 2B 1 1 21 0 0 21
E5 1B 1E 5B 1 1 5B 0 0 21
A4 E2 6 33 1 0 5E 0 0 3
CD 83 97 B 1 1 B 0 0 21
5B A9 C 8 0 0 B 0 0 3
E7 65 57 8A 0 1 8D 0 0 21
64 6E A5 58 0 0 58 0 0 3
8A 5D 71 E5 1 1 FFE5 0 0 21
CB B3 F3 3A 0 0 3A 0 0 3
D6 46 C B9 0 0 BC 0 0 3
A9 5F AD 66 0 0 66 0 0 3
AA 86 6 3B 1 0 DE 0 0 3
28 EE 6E 93 1 1 FF93 0 0 21
15 68 9 18 1 1 32 0 0 21
7E 4A 0 5C 1 0 24C8 0 0 3
B6 4D 1 97 1 1 E955 0 0 21
FF C9 6 31 0 0 351 0 0 3
F3 E6 EC 17 0 0 17 0 0 3
70 A7 FE 47 0 1 47 0 0 21
DC 29 A9 77 0 1 77 0 0 21
BB D8 D0 4A 0 0 4A 0 0 3
5B 8A C F3 1 1 FFA9 0 0 21
83 B1 7 D5 1 1 9E 0 0 21
65 BD 6 FA 1 0 FF91 0 0 3
40 55 C 5B 0 0 5C 0 0 3
F4 68 8 E1 1 1 FFCE 0 0 21
E0 B2 6 B8 1 0 FFDF 0 0 3
59 7D D E7 1 0 FFE8 0 0 3
64 AB B B1 0 1 13E 0 0 21
E3 5D 2D 6D 1 1 6C 0 0 21
F7 5C B5 E0 0 0 E0 0 0 3
9F EF 61 44 0 0 44 0 0 3
12 95 18 76 0 1 7A 0 0 21
DC 8B 0 B7 0 0 782B 0 0 3
9 8F B2 F4 0 0 F4 0 0 3
46 5A C 1D 0 0 1E 0 0 3
DC 40 A 1C 0 0 29 0 0 3
EF 82 6A C1 0 1 C3 0 0 21
D9 12 31 7B 0 0 7B 0 0 3
F8 1C D E 0 1 37 0 0 21
FD 66 58 7A 0 0 7A 0 0 3
D 5B A7 BD 1 0 FFBD 0 0 3
93 86 74 6B 0 0 6B 0 0 3
42 51 11 56 0 0 56 0 0 3
60 E0 11 B0 0 1 FA 0 0 21
2D 7 D 75 0 1 76 0 0 21
77 A1 B BE 1 0 FFB9 0 0 3
7B 7E D 17 1 0 18 0 0 3
4B A F 42 0 0 42 0 0 3
FA C9 A 40 0 0 71 0 0 3
B7 38 6 1 1 0 FFC2 0 0 3
C5 1D 4D D0 0 0 D0 0 0 3
48 10 F8 3D 1 0 3D 0 0 3
43 DE 86 A6 0 0 A6 0 0 3
3E 1E 1F B4 1 1 FFB5 0 0 21
37 E2 60 15 0 0 15 0 0 3
A4 D BC A5 1 0 FFA5 0 0 3
74 C 3 CE 1 0 7C 0 0 3
FD CB 3 33 0 1 167D 0 0 21
12 A8 F0 3F 0 0 3F 0 0 3
E9 E 49 E1 0 1 E1 0 0 21
B4 FA AA 6 0 1 7 0 0 21
B1 39 6 19 1 1 FF9C 0 0 21
3F 20 8B D 1 0 D 0 0 3
A AB F C6 0 0 C6 0 0 3
30 71 6 E5 1 0 39 0 0 3
C9 9E B 5D 0 0 6C 0 0 3
9 CA 3 54 1 1 1E 0 0 21
90 67 B1 1 0 1 1 0 0 21
AB 40 EC 88 1 1 FF88 0 0 21
E9 25 7 69 1 1 58 0 0 21
61 B4 F9 32 1 1 32 0 0 21
4F A0 8 F2 1 1 FF7C 0 0 21
64 53 F2 AB 0 1 AB 0 0 21
4E A9 6 C0 1 0 FF56 0 0 3
86 13 EF 40 0 0 40 0 0 3
52 2E C EA 0 0 EA 0 0 3
78 7F A1 53 1 0 53 0 0 3
FF C4 F 79 1 0 79 0 0 3
F0 A8 F A5 0 1 158 0 0 21
D9 42 A CF 0 0 DC 0 0 3
B6 BF 59 11 1 0 11 0 0 3
10 BE 0 61 0 1 0 1 0 3
D6 D4 10 59 0 0 59 0 0 3
3F FB 7 55 1 0 53 0 0 3
DC 11 4 27 1 1 1 0 0 21
2B FB 2 B7 1 0 FF82 0 0 3
92 43 C9 15 0 0 15 0 0 3
14 48 2 E 0 1 176 0 0 21
BF FA E 9B 0 0 9D 0 0 3
42 6E 3F 2 0 0 2 0 0 3
E2 B0 9 C7 0 1 2B2 0 0 21
7F D9 F3 E3 0 1 E3 0 0 21
2B 47 AD BC 1 0 FFBC 0 0 3
FC 59 4 78 0 0 5F1 0 0 3
23 C4 36 64 0 1 66 0 0 21
FA CF BE 8E 0 1 8F 0 0 21
10 5C 7A F0 0 1 F0 0 0 21
BA 1E 48 E7 1 1 FFE7 0 0 21
62 3C B1 7E 0 0 7E 0 0 3
A EE BD CF 0 0 CF 0 0 3
99 27 0 4A 1 0 F099 0 0 3
1C 8 7 34 0 1 38 0 0 21
D3 CD 7D AD 0 1 AF 0 0 21
50 15 B EE 1 0 FFEE 0 0 3
CF 12 8B 12 0 0 12 0 0 3
E2 1C F 34 0 1 50 0 0 21
9 2A 1 DC 1 1 156 0 0 21
1F D6 CB 6F 0 1 6F 0 0 21
BA 48 A 2A 1 0 26 0 0 3
2C 4C 2 1 0 0 345 0 0 3
A7 9A 9E 5 1 0 5 0 0 3
87 73 C2 D6 1 0 FFD6 0 0 3
BC 6F D EA 1 1 FFBE 0 0 21
DF AE 1A 90 0 1 C9 0 0 21
7F E8 1 EC 0 1 7404 0 0 21
6A 9D F EE 1 0 FFEE 0 0 3
DD 7E 34 B4 1 0 FFB4 0 0 3
2 1A C6 A9 0 0 A9 0 0 3
1A 5D F 12 0 0 12 0 0 3
BD DD 10 EA 0 0 EA 0 0 3
68 6E 65 1E 1 0 1E 0 0 3
4E C D 22 0 0 22 0 0 3
48 0 A 1C 0 1 1C 0 0 21
9C 50 AC 70 1 1 70 0 0 21
62 50 5 71 0 0 166 0 0 3
E4 90 B9 38 1 0 38 0 0 3
FB B4 C2 25 0 1 26 0 0 21
44 77 73 1D 0 1 1D 0 0 21
E4 A0 10 10 0 0 10 0 0 3
C5 D1 2 EC 0 1 2921 0 0 21
80 56 10 87 0 0 87 0 0 3
F2 5A B1 10 1 0 10 0 0 3
E9 B2 C AD 1 1 FFB9 0 0 21
AB 47 32 DE 1 1 FFDC 0 0 21
D3 6 6 17 0 0 2A 0 0 3
A8 91 64 6B 1 1 6B 0 0 21
89 B3 4C B0 0 0 B0 0 0 3
B4 27 D 20 0 1 49 0 0 21
2A 52 48 D 0 0 D 0 0 3
EA D7 8 59 0 0 11D 0 0 3
B3 33 D FD 0 0 FE 0 0 3
A8 71 9 98 1 1 FF1E 0 0 21
89 6F 9 2B 1 1 FF88 0 0 21
B0 4D F 4E 0 1 8A 0 0 21
A1 4A B 22 1 1 FFE8 0 0 21
93 54 13 6 1 0 6 0 0 3
E2 7F 86 89 0 0 89 0 0 3
4 5A 4E 3C 1 0 3C 0 0 3
C1 8B 4F 6F 1 1 70 0 0 21
8C 1D 56 90 0 0 90 0 0 3
C5 B0 25 86 0 0 86 0 0 3
99 D3 1A F3 1 1 FFF9 0 0 21
53 E 7 69 0 1 80 0 0 21
7F F1 0 19 1 1 0 1 0 3
E0 F5 D 90 0 1 1D4 0 0 21
73 11 F 3C 1 0 3C 0 0 3
87 C 7C 8A 0 1 8A 0 0 21
57 C4 11 94 0 0 94 0 0 3
5A AE BF 19 1 1 19 0 0 21
C7 46 F 2F 0 0 2F 0 0 3
39 9B A A3 0 1 FB 0 0 21
1B 30 8A BF 0 0 BF 0 0 3
4B 1E 2 F9 0 1 32B 0 0 21
2E 30 A C 1 1 22 0 0 21
2 7 F F4 1 0 FFF4 0 0 3
B3 1 9 7A 1 0 7A 0 0 3
9D 7F C 2B 1 0 28 0 0 3
33 FF 5 DA 1 1 FFD8 0 0 21
81 43 F BF 1 1 FF9A 0 0 21
51 A5 96 A7 1 0 FFA7 0 0 3
C3 F2 EB 6B 1 0 6B 0 0 3
CF DF 0 AA 0 0 B4FB 0 0 3
50 62 B 16 1 1 56 0 0 21
4C 62 2 38 1 0 77E 0 0 3
18 90 9 3E 1 0 39 0 0 3
B2 93 C EE 0 0 F4 0 0 3
E1 41 A0 5 1 0 5 0 0 3
FC 99 1 C9 1 0 97 0 0 3
96 66 1 AF 0 0 1E91 0 0 3
DB 89 8 C5 0 0 13A 0 0 3
4A ED 4A B2 1 0 FFB2 0 0 3
9E 25 18 22 0 0 22 0 0 3
69 34 1 24 1 0 ACE 0 0 3
3A CA 3 44 0 0 5FC 0 0 3
2F 56 1 1E 1 0 803 0 0 3
F1 7C F 4D 1 0 4D 0 0 3
72 6B 1 F3 0 1 3099 0 0 21
7D C7 10 A4 0 0 A4 0 0 3
96 D8 6 CD 1 0 F 0 0 3
F7 81 D8 6E 0 0 6E 0 0 3
68 DF 1 C7 1 0 F913 0 0 3
1E 84 4E 49 1 0 49 0 0 3
BD F9 20 DE 0 1 10B 0 0 21
C C0 8 C0 0 0 C9 0 0 3
DF E4 63 55 1 0 55 0 0 3
A5 79 D 11 0 1 87 0 0 21
AE F6 D 9F 1 1 FFA3 0 0 21
83 10 E BF 0 1 C9 0 0 21
FD 20 D8 CF 0 1 CF 0 0 21
9F EF 6C 30 1 0 30 0 0 3
42 C0 5 4A 0 1 244 0 0 21
E5 37 2 2C 0 1 C78 0 0 21
FE F4 0 F4 1 0 C 0 0 3
53 D5 2 DA 0 1 121D 0 0 21
8B A3 5D 13 1 1 14 0 0 21
20 BE B 92 0 1 C4 0 0 21
61 1A EC 24 0 0 24 0 0 3
2D 8C 0 51 1 0 EBED 0 0 3
DD 1E D 8A 1 0 FF8A 0 0 3
3A 45 3 C2 0 1 27E 0 0 21
BD CB 73 3A 1 0 3A 0 0 3
8F EB B D0 0 0 E0 0 0 3
1 11 C 4F 1 0 4F 0 0 3
1E AF 2 AE 0 0 5CE 0 0 3
4E 89 AA 8F 1 1 FF8F 0 0 21
D4 80 26 FF 1 0 FFFF 0 0 3
AA EA 26 14 0 1 2F 0 0 21
22 C2 30 C3 1 1 FFC3 0 0 21
B0 9A 8 BE 0 1 265 0 0 21
82 EF A EF 0 1 225 0 0 21
4A A6 CF 8A 0 1 8A 0 0 21
51 8F 7 56 1 0 F 0 0 3
D5 A5 5 68 0 0 4B2 0 0 3
DC CB 56 A1 1 0 FFA1 0 0 3
BC 2C 1D 56 1 0 56 0 0 3
60 AA CF E4 0 1 E4 0 0 21
88 1E B8 AF 1 1 FFAF 0 0 21
26 A1 3 58 0 1 2FF 0 0 21
5E 6 E1 65 0 1 65 0 0 21
5D 1 17 B2 1 1 FFB2 0 0 21
BE B7 14 8D 0 1 E3 0 0 21
A1 5 10 CB 1 0 FFCB 0 0 3
50 97 51 78 0 1 79 0 0 21
EF BC AD 8 1 0 8 0 0 3
FE 61 D8 65 0 0 65 0 0 3
22 C1 10 22 0 1 3B 0 0 21
7E E0 82 19 1 0 19 0 0 3
4 D7 7 2E 1 1 2B 0 0 21
B D5 40 3E 1 1 3E 0 0 21
F0 21 5 26 0 0 11D 0 0 3
44 6B 4F BC 1 0 FFBC 0 0 3
65 29 1E 40 1 0 40 0 0 3
C1 78 10 FD 0 0 FD 0 0 3
22 96 3 FE 1 0 FE3C 0 0 3
7 F5 7 65 0 0 72 0 0 3
E7 D5 6 6E 1 0 7E 0 0 3
3E 84 15 F9 1 1 FFE8 0 0 21
13 22 F 7C 1 1 7E 0 0 21
E3 EB 1 E5 1 1 246 0 0 21
B6 E 3 16 1 1 FFA3 0 0 21
42 4F D 5C 1 1 7A 0 0 21
3C 8 88 37 1 1 37 0 0 21
F3 86 7D 77 1 0 77 0 0 3
8B FB 28 6D 1 0 6D 0 0 3
56 C1 20 5 0 0 5 0 0 3
82 73 57 B2 1 0 FFB2 0 0 3
D9 E 40 D2 0 0 D2 0 0 3
25 B0 1 78 0 1 19E8 0 0 21
29 8B 0 3A 0 0 167D 0 0 3
3D 5D 97 67 0 1 67 0 0 21
46 70 55 23 0 0 23 0 0 3
3F 47 3 46 1 1 237 0 0 21
E8 EF 1 9B 0 0 6CE7 0 0 3
B0 7B 2 F4 0 1 1618 0 0 21
AF 9 C9 B 0 1 B 0 0 21
5A FF D5 E0 0 1 E0 0 0 21
38 72 9 FE 0 0 10A 0 0 3
A0 C3 1 FA 0 1 7ADA 0 0 21
76 10 11 BC 1 0 FFBC 0 0 3
DE C7 C A0 0 1 1D2 0 0 21
85 66 A 7F 0 0 8C 0 0 3
87 80 8 B3 1 1 A5 0 0 21
F8 2 6C BC 0 0 BC 0 0 3
C3 64 C 22 0 1 A9 0 0 21
B3 D0 8 8 1 0 16 0 0 3
FA C8 F EF 1 0 FFEF 0 0 3
F1 44 79 3C 1 1 3C 0 0 21
55 DE 4 56 0 0 4F1 0 0 3
5F BF 2B 22 0 0 22 0 0 3
DC 52 71 83 1 1 FF83 0 0 21
0 2B ED 3A 0 1 3A 0 0 21
FC 5F ED 38 0 1 38 0 0 21
13 EF A D1 1 0 FFD1 0 0 3
C4 34 A0 E 0 0 E 0 0 3
93 96 10 9A 1 0 FF9A 0 0 3
15 CF 10 8E 1 0 FF8E 0 0 3
E1 7F 6F D7 1 0 FFD7 0 0 3
BC C4 25 B7 0 1 D1 0 0 21
79 95 F8 91 1 0 FF91 0 0 3
3C 69 F B2 1 1 FFCE 0 0 21
E6 44 96 48 1 0 48 0 0 3
51 23 4 E 1 0 BF 0 0 3
11 68 B 20 1 0 20 0 0 3
48 61 11 80 1 1 FF98 0 0 21
42 FA 10 62 1 1 61 0 0 21
F0 33 C B1 0 1 106 0 0 21
EA F2 10 54 1 0 54 0 0 3
80 43 11 60 0 1 7D 0 0 21
4D AD AB CF 1 1 FFCF 0 0 21
41 D4 E8 70 1 0 70 0 0 3
F EC D 51 1 0 51 0 0 3
EA 91 6D 7D 1 0 7D 0 0 3
B2 4F 8 9D 1 1 FF3D 0 0 21
CA E7 C 99 1 0 FF99 0 0 3
FD 7C BD A3 0 1 A3 0 0 21
1C 14 D1 19 1 0 19 0 0 3
37 C2 8 3C 0 0 65 0 0 3
52 CF 5 73 1 1 FFD3 0 0 21
23 A A 8A 1 1 FF8D 0 0 21
B5 EC 1 A9 1 1 585 0 0 21
24 CA 10 C 0 1 28 0 0 21
FE B8 10 7B 1 1 7B 0 0 21
ED F DC 4E 1 1 4E 0 0 21
48 77 B 85 1 0 FF89 0 0 3
B0 7E B6 9C 1 1 FF9C 0 0 21
DD D2 9 2F 1 0 32 0 0 3
61 F5 22 F6 0 0 F6 0 0 3
60 DE 9 19 1 1 FFF1 0 0 21
D C0 E D6 1 0 FFD6 0 0 3
18 30 B0 82 1 1 FF82 0 0 21
7D 66 34 FD 1 1 1 0 0 21
9C 67 5 1F 1 1 FE83 0 0 21
62 29 C 2D 0 1 48 0 0 21
3D 22 24 6D 1 1 6E 0 0 21
5A 71 20 7A 0 1 83 0 0 21
B9 B2 29 7B 1 1 7E 0 0 21
70 8 4A D3 1 1 FFD3 0 0 21
4C 7B 3F EC 1 1 FFEE 0 0 21
D1 74 2A 15 0 1 22 0 0 21
60 24 8 82 0 0 8F 0 0 3
5F 55 F 4 0 1 27 0 0 21
49 BF 1 65 1 0 F721 0 0 3
4F 65 E9 E5 1 0 FFE5 0 0 3
1B 3B 51 11 0 0 11 0 0 3
43 B7 EE 6C 0 1 6C 0 0 21
58 EB 3 BD 1 1 FEF0 0 0 21
BC 5E 43 73 0 0 73 0 0 3
EB DB A1 5D 1 0 5D 0 0 3
9A B7 B5 15 0 1 15 0 0 21
E9 2E 1C 11 0 1 1E 0 0 21
4 7 9 E3 0 1 E3 0 0 21
FA AF D7 4A 1 0 4A 0 0 3
FC 50 13 A5 0 1 DC 0 0 21
76 D8 CA 1 0 1 1 0 0 21
F2 1B 80 E6 0 1 E6 0 0 21
B8 3 7E 82 0 1 82 0 0 21
BA B FF 21 0 1 21 0 0 21
16 D4 2 6E 1 1 FF7C 0 0 21
1F A4 4 3B 1 0 FF89 0 0 3
3E FC 14 79 1 0 79 0 0 3
7A AB 11 23 0 1 6B 0 0 21
3D 69 34 A 0 0 A 0 0 3
4D 46 37 74 1 1 75 0 0 21
AF D D7 DA 0 0 DA 0 0 3
A6 C5 5 80 1 0 25 0 0 3
D9 BA 11 24 1 0 24 0 0 3
D 99 59 1E 1 1 1E 0 0 21
7E AF 10 67 0 1 BD 0 0 21
64 70 6 12 1 0 C1 0 0 3
ED A6 6 1D 0 1 461 0 0 21
D4 3B 0 9 1 0 F5E5 0 0 3
9 8 9A 7C 1 0 7C 0 0 3
C9 B6 11 91 0 1 10F 0 0 21
34 2A 68 E7 1 0 FFE7 0 0 3
F9 CE 3E 6C 0 0 6C 0 0 3
8 BC 32 3E 0 1 3E 0 0 21
4 71 1 E5 1 1 1A9 0 0 21
C5 4B 0 50 0 1 0 1 0 3
6F 89 37 36 1 0 36 0 0 3
BF CE 1C B4 1 1 FFB8 0 0 21
D9 98 F8 C9 0 0 C9 0 0 3
E7 14 11 64 1 1 63 0 0 21
D6 D6 D2 6 1 1 6 0 0 21
B7 FB 74 3E 1 1 3E 0 0 21
D4 19 D6 82 1 0 FF82 0 0 3
A 61 B1 45 0 0 45 0 0 3
B4 76 B 64 0 1 113 0 0 21
9F 51 A5 C2 0 0 C2 0 0 3
C 84 AF 6D 0 0 6D 0 0 3
F 20 F4 60 1 1 60 0 0 21
AB 9 4 E5 0 0 145 0 0 3
7C 1F 4 12 1 1 102 0 0 21
7B A3 3 68 0 1 91B 0 0 21
F8 74 C 98 0 1 15F 0 0 21
55 C1 55 C7 0 0 C7 0 0 3
61 CD 3B CD 0 0 CD 0 0 3
8B 25 40 B 0 0 B 0 0 3
3D EC 4 67 1 1 1B 0 0 21
85 89 7 5 0 1 178 0 0 21
29 29 0 EB 0 0 77C 0 0 3
9F F6 11 C8 1 1 FFCB 0 0 21
C2 34 F7 ED 1 1 FFED 0 0 21
95 A2 B 84 0 1 14B 0 0 21
EE 47 1E B4 0 0 B4 0 0 3
F0 D5 3 10 1 1 5C 0 0 21
F8 63 3C 76 0 1 7C 0 0 21
6D EB 16 DB 0 1 10F 0 0 21
C7 AB 1 8D 1 1 127A 0 0 21
BA AA 7 B4 0 0 1AB 0 0 3
B1 D1 D9 1E 0 1 1E 0 0 21
43 FE A2 7B 1 0 7B 0 0 3
37 3B 8 18 0 1 4A 0 0 21
A5 BC 84 72 1 1 72 0 0 21
AC 53 2 E5 0 1 ED6 0 0 21
40 7C 11 4E 0 1 69 0 0 21
30 B6 C4 5 1 1 5 0 0 21
66 1B 7 AA 1 1 FFE2 0 0 21
1F 80 18 23 1 0 23 0 0 3
84 57 51 6F 1 1 6E 0 0 21
FE E6 3 9A 0 0 1D20 0 0 3
4E 46 9 3B 0 0 45 0 0 3
51 8C E1 0 0 0 0 0 0 3
B6 DD 38 E3 0 1 EF 0 0 21
30 84 20 D2 1 1 FFCD 0 0 21
2B CC 11 DB 0 1 F9 0 0 21
CE E5 7C 8C 1 1 FF8C 0 0 21
D9 B9 2 A2 0 1 27D6 0 0 21
F3 90 2 6D 0 1 2299 0 0 21
2 84 E 10 1 1 F 0 0 21
42 8 7 B5 0 0 B9 0 0 3
8F 41 A5 69 1 0 69 0 0 3
82 30 C 61 0 0 62 0 0 3
6B 1E 4C E3 0 1 E3 0 0 21
DD 38 E1 7A 1 1 7A 0 0 21
B4 2C 9E 79 0 1 79 0 0 21
CB 8 A 9E 1 0 FF9E 0 0 3
D4 CB 10 F3 1 0 FFF3 0 0 3
CE 63 6 BD 1 1 FF34 0 0 21
62 A1 D 6F 1 1 38 0 0 21
DB 16 B C9 1 1 FFC3 0 0 21
41 D2 EA C6 1 1 FFC6 0 0 21
FD FB F 6C 0 0 6D 0 0 3
4 74 B 33 0 1 36 0 0 21
2 5D 4D B4 1 0 FFB4 0 0 3
18 13 B9 B7 1 0 FFB7 0 0 3
A5 90 76 20 0 1 21 0 0 21
A2 B3 2 95 0 1 1CE6 0 0 21
A2 1C 7 15 0 1 71 0 0 21
EE 8B 4 2E 0 0 841 0 0 3
4D 51 9 2 1 1 4F 0 0 21
F 12 B 54 0 1 56 0 0 21
58 3E DA CC 0 0 CC 0 0 3
F5 CB 60 E4 1 1 FFE4 0 0 21
32 B9 62 E2 0 0 E2 0 0 3
E8 30 21 A7 1 0 FFA7 0 0 3
10 B7 8 84 1 1 FF72 0 0 21
9B 14 22 1F 1 0 1F 0 0 3
A9 FB 1 A2 0 0 537B 0 0 3
AE C7 D 9B 1 1 FFB6 0 0 21
90 32 A0 82 1 0 FF82 0 0 3
6E 4D F 91 0 0 91 0 0 3
97 92 E 99 1 0 FF99 0 0 3
63 FE 90 11 1 0 11 0 0 3
78 B1 59 3A 1 0 3A 0 0 3
71 90 11 86 1 1 FF5B 0 0 21
36 B8 7A 87 0 1 87 0 0 21
3C 87 CE CD 1 0 FFCD 0 0 3
9F CE 81 6 1 1 6 0 0 21
ED 5D 2 70 0 0 15F6 0 0 3
34 C9 59 5 0 0 5 0 0 3
2D 37 FE 22 0 1 22 0 0 21
77 88 C B6 1 0 FFB3 0 0 3
E 68 3F 7B 1 0 7B 0 0 3
A 74 2 C 1 0 12E 0 0 3
52 CD 8 37 0 0 78 0 0 3
14 BC B6 E7 1 1 FFE7 0 0 21
97 D1 1 16 1 0 9B9 0 0 3
40 7 10 30 1 0 30 0 0 3
84 40 D 19 1 1 FFEB 0 0 21
A3 28 3 19 0 1 2ED 0 0 21
AD A8 57 7C 1 0 7C 0 0 3
66 F2 0 BA 0 1 0 1 0 3
CE 4F 7 1 0 1 14D 0 0 21
CF D AF 47 1 1 47 0 0 21
3F 8E 6 18 1 1 FF51 0 0 21
6 98 B AE 1 0 FFAE 0 0 3
B9 F4 10 8B 1 0 FF8B 0 0 3
BC C3 10 10 1 0 10 0 0 3
90 1D 8A B0 0 1 B0 0 0 21
6E 4C 5 B5 1 1 103 0 0 21
23 86 A 71 1 1 47 0 0 21
BA ED 36 9 1 0 9 0 0 3
32 23 5 96 1 1 FFDC 0 0 21
6 2C D0 F1 1 1 FFF1 0 0 21
C 95 1 E7 0 1 7E3 0 0 21
85 79 3C 9A 1 1 FF96 0 0 21
99 EC 11 48 1 0 48 0 0 3
4 B8 1 BF 1 0 FF2F 0 0 3
35 B7 6 45 1 1 FFDA 0 0 21
EB FD ED EC 0 1 ED 0 0 21
D9 F6 10 DD 0 0 DD 0 0 3
2B 52 10 6 0 1 13 0 0 21
39 9B CE 6C 0 1 6C 0 0 21
9D C1 1 5E 0 0 3B8C 0 0 3
BC 48 5F 3A 0 0 3A 0 0 3
9 97 6C 41 1 0 41 0 0 3
80 89 7 EC 0 0 175 0 0 3
49 A6 1C 85 0 1 94 0 0 21
21 B2 3 9 1 1 FEEB 0 0 21
CF A1 64 79 1 0 79 0 0 3
C9 22 BA FE 0 0 FE 0 0 3
9A 0 10 E3 0 1 E3 0 0 21
B4 1B 5F 9F 1 1 FF9F 0 0 21
AA E3 F5 1A 1 1 1A 0 0 21
39 5B 6F 4B 0 1 4B 0 0 21
9E 35 A2 C6 0 0 C6 0 0 3
51 2C 65 41 0 0 41 0 0 3
76 4C 7 C4 0 1 17B 0 0 21
D3 2A E 23 0 1 50 0 0 21
7D F 6B 77 1 1 77 0 0 21
E8 BA F5 D9 1 0 FFD9 0 0 3
FF 49 7 7B 1 1 7A 0 0 21
D9 EE 1 DD 1 0 13C 0 0 3
A5 2D 21 CC 1 1 FFC9 0 0 21
D D9 B6 36 0 0 36 0 0 3
49 41 4 FC 1 1 124 0 0 21
69 A9 EE 72 0 1 72 0 0 21
19 D5 E DA 0 1 F5 0 0 21
F8 A4 A 2F 1 0 2F 0 0 3
86 29 7 CF 0 0 F9 0 0 3
83 BD C4 48 1 0 48 0 0 3
54 13 4 97 0 0 FA 0 0 3
A2 78 A0 EB 1 1 FFEB 0 0 21
90 6C 40 13 1 1 11 0 0 21
5B 94 6 5B 0 1 1D1 0 0 21
40 47 4F 8E 1 0 FF8E 0 0 3
76 94 4A B4 1 1 FFB2 0 0 21
33 24 6 AB 0 0 C7 0 0 3
DD 42 E2 C8 0 0 C8 0 0 3
9A 19 5 25 0 1 BF 0 0 21
97 14 9 B9 0 1 DE 0 0 21
12 69 D 2A 0 1 35 0 0 21
3 3C 2 2E 1 1 5B 0 0 21
2 75 6 85 1 0 FF88 0 0 3
90 34 D6 AD 1 0 FFAD 0 0 3
69 CC 11 B0 1 1 FF9E 0 0 21
94 9D 40 D0 0 0 D0 0 0 3
8F 45 2F 9 1 0 9 0 0 3
DC B0 18 F5 1 1 FFFA 0 0 21
CD C2 AA 16 1 0 16 0 0 3
2C 5F AF A8 0 1 A8 0 0 21
F9 EF 1C 7E 1 0 7E 0 0 3
D8 4B 8D 2A 1 1 2A 0 0 21
E3 A2 2 11 1 1 2BA 0 0 21
A5 18 0 49 1 0 F7C1 0 0 3
D1 F2 F4 4F 1 1 4F 0 0 21
FC 0 0 99 0 1 0 1 0 3
D9 E7 1 E7 0 0 62CE 0 0 3
64 12 11 C4 1 0 FFC4 0 0 3
B F3 0 5C 1 0 FFCD 0 0 3
C7 38 6 1 0 0 AF 0 0 3
4 8B 50 B7 0 0 B7 0 0 3
E0 A1 37 35 0 0 35 0 0 3
E7 D7 90 9D 1 0 FF9D 0 0 3
9D 89 3F 7 1 1 9 0 0 21
66 57 E FC 0 0 FC 0 0 3
13 71 4A 4F 1 0 4F 0 0 3
54 BE 9B 4E 0 0 4E 0 0 3
2A B2 10 1B 0 1 38 0 0 21
86 76 3 D5 0 0 88D 0 0 3
B8 6E BD E7 1 0 FFE7 0 0 3
81 8E 2 CF 0 1 12B2 0 0 21
84 83 B D6 1 0 FFDD 0 0 3
90 DD 49 60 1 1 60 0 0 21
41 AC 81 1E 0 1 1E 0 0 21
36 24 D 2F 0 1 3A 0 0 21
5E DB 6 6E 0 0 1AF 0 0 3
BF 3A C0 E9 1 1 FFE9 0 0 21
3C 8D D C4 1 0 FFC4 0 0 3
CE 4E D 88 1 0 FF88 0 0 3
D A6 11 B4 1 1 FFB0 0 0 21
F1 B6 F 73 0 1 135 0 0 21
35 5D 84 89 0 0 89 0 0 3
D7 7E 8 85 0 0 EE 0 0 3
F8 35 5 FD 1 0 FFF0 0 0 3
AB A6 11 62 1 0 62 0 0 3
6E B8 1 9E 1 1 E0AE 0 0 21
17 55 10 86 1 0 FF86 0 0 3
B9 22 1B E2 0 1 EA 0 0 21
87 4B F 70 1 1 48 0 0 21
DC E0 76 73 0 0 73 0 0 3
13 DB 10 64 0 0 64 0 0 3
4F BE B6 E2 0 0 E2 0 0 3
12 3A A 67 0 0 68 0 0 3
52 E2 9A EE 0 0 EE 0 0 3
25 31 A F8 0 0 F9 0 0 3
C0 3D 9 2D 1 0 26 0 0 3
1E 4D 0 3 0 0 909 0 0 3
2E F0 2 F5 1 1 FF3D 0 0 21
2F 6D 40 42 0 0 42 0 0 3
36 B1 11 19 0 0 19 0 0 3
4F 12 30 12 1 1 12 0 0 21
A0 D8 1 D8 0 1 87D8 0 0 21
49 10 A 91 1 0 FF92 0 0 3
7C A7 C 11 1 0 F 0 0 3
5 8A C7 99 1 0 FF99 0 0 3
2 8F C E2 1 0 FFE2 0 0 3
39 1D 4C C7 0 1 C7 0 0 21
54 1E D 70 1 1 7E 0 0 21
67 25 18 81 1 1 FF87 0 0 21
DB 87 3D 2F 0 1 36 0 0 21
FD 5D 61 AF 1 0 FFAF 0 0 3
69 7A B AB 0 1 114 0 0 21
35 C3 BF C9 1 1 FFC9 0 0 21
6A 56 C 28 0 0 2A 0 0 3
9E 37 3 6 0 0 444 0 0 3
5E 7C 35 37 0 1 3B 0 0 21
F4 37 9 79 0 1 11E 0 0 21
95 CB 7B 49 0 0 49 0 0 3
EE C7 CF DC 0 0 DC 0 0 3
90 C D7 6B 1 0 6B 0 0 3
BE 9E 7 FC 0 0 1E6 0 0 3
73 C0 EA C 0 0 C 0 0 3
2 B9 BA 1 0 0 1 0 0 3
BD 85 52 9D 0 0 9D 0 0 3
86 D1 0 12 0 1 0 1 0 3
22 1E 1B 3D 1 1 3E 0 0 21
9C 39 9 F3 0 0 104 0 0 3
61 A7 6 1C 0 0 119 0 0 3
34 16 15 8C 1 0 FF8C 0 0 3
4E B 46 8F 0 0 8F 0 0 3
94 23 E5 C1 0 0 C1 0 0 3
49 19 8 7A 1 0 81 0 0 3
A 46 54 A5 0 1 A5 0 0 21
7 B4 2 A0 0 0 1DB 0 0 3
69 98 75 B8 1 0 FFB8 0 0 3
99 86 C0 D9 1 0 FFD9 0 0 3
63 C4 10 74 1 0 74 0 0 3
85 E1 91 DB 1 0 FFDB 0 0 3
4D B2 65 24 0 1 25 0 0 21
8C BB 10 DC 0 0 DC 0 0 3
AC DB 71 3E 0 0 3E 0 0 3
39 BC 7B F4 1 0 FFF4 0 0 3
0 1E EF 5A 1 1 5A 0 0 21
59 F1 B 57 1 0 57 0 0 3
D9 6D 9 78 1 1 44 0 0 21
6 38 26 5F 0 0 5F 0 0 3
1A FA 8 84 1 0 FF84 0 0 3
90 80 7 44 0 0 D4 0 0 3
9F 1C 11 F3 1 1 FFEA 0 0 21
51 F 21 8 1 0 8 0 0 3
64 EB 0 A4 1 0 F770 0 0 3
FB 48 D 94 1 0 FF94 0 0 3
4D 76 9 E7 1 1 57 0 0 21
61 A2 AB 81 1 1 FF81 0 0 21
F9 84 7D B6 0 0 B6 0 0 3
25 CC 1B B1 1 0 FFB1 0 0 3
46 F8 6 16 0 1 1F8 0 0 21
D0 6A F C 0 0 C 0 0 3
7 8A 5 14 1 1 FFF3 0 0 21
C5 15 C 8C 1 0 FF8C 0 0 3
A5 9B C 65 0 0 6B 0 0 3
34 9E 2 B6 0 0 8BC 0 0 3
1B 92 3 A4 0 1 25A 0 0 21
B4 89 9 5 0 1 135 0 0 21
CF 58 2 7B 1 1 FC45 0 0 21
1C A4 7 F3 0 1 150 0 0 21
BB 9D 71 4F 0 1 51 0 0 21
1E 26 7F C0 1 1 FFC0 0 0 21
BC 1D 90 7B 0 1 7B 0 0 21
C1 B6 ED 9C 1 0 FF9C 0 0 3
FA 59 9 0 1 1 FFFA 0 0 21
A7 5B C F 0 1 78 0 0 21
17 3E 7 E2 1 1 FFFF 0 0 21
64 73 25 E3 0 0 E3 0 0 3
D5 7D E 2D 0 0 2E 0 0 3
D8 CC 9C 16 1 0 16 0 0 3
D 63 DE C0 0 0 C0 0 0 3
C2 6B 35 24 0 0 24 0 0 3
F6 4 36 3E 1 1 3E 0 0 21
7A B7 80 48 0 0 48 0 0 3
8 53 A AF 1 1 FFB5 0 0 21
37 39 93 E3 0 1 E3 0 0 21
7A 36 5 0 0 1 107 0 0 21
3E 80 8 1C 0 1 98 0 0 21
E1 1D E B5 1 1 FFB1 0 0 21
1F 2F 56 27 1 0 27 0 0 3
DF 51 30 BE 0 0 BE 0 0 3
34 61 A 6B 0 1 9D 0 0 21
5 4B 4F 1 1 1 1 0 0 21
18 1F DE 6 1 1 6 0 0 21
90 7E E 6B 0 0 6C 0 0 3
2A A2 8B 3F 0 0 3F 0 0 3
19 98 C 79 1 0 79 0 0 3
6E 80 8 98 0 1 174 0 0 21
77 9A 9B 49 0 0 49 0 0 3
14 AC 10 3C 1 1 36 0 0 21
BF E6 3F C9 1 0 FFC9 0 0 3
EE 85 A 74 0 0 92 0 0 3
2D 41 5 B3 1 1 28 0 0 21
D4 80 F1 19 1 1 19 0 0 21
39 6 0 80 1 0 D6 0 0 3
E2 34 B3 61 1 1 61 0 0 21
4D 78 1 B7 0 1 24CF 0 0 21
9 69 8 22 0 0 25 0 0 3
29 E1 7E 1E 1 1 1E 0 0 21
60 83 D4 6E 1 1 6E 0 0 21
B9 E8 4 F9 1 1 63 0 0 21
1 8F BC 28 0 0 28 0 0 3
DD CB 9 A2 0 1 2CB 0 0 21
18 D8 7 A7 0 0 CF 0 0 3
B8 64 A 96 1 1 FF4E 0 0 21
F8 D9 AF BB 0 1 BC 0 0 21
21 DC 26 2B 0 0 2B 0 0 3
E9 37 3 CF 1 0 FF31 0 0 3
7F C2 1 38 0 1 6076 0 0 21
7D 61 4 2F 1 0 324 0 0 3
B5 2B 4 E7 1 1 FF1E 0 0 21
3B D7 62 95 1 0 FF95 0 0 3
58 15 3 47 0 0 12E 0 0 3
A2 91 36 45 1 0 45 0 0 3
D1 89 4 43 1 1 1A0 0 0 21
C3 CD 7E 9A 0 0 9A 0 0 3
14 19 54 3B 1 1 3B 0 0 21
CE 2F 3 7 1 0 FEE2 0 0 3
39 8E 66 11 0 1 11 0 0 21
ED ED 9 69 1 1 6D 0 0 21
AF 5F 7A C7 0 0 C7 0 0 3
43 EF 85 A4 0 1 A4 0 0 21
56 26 B 8A 1 1 FFA5 0 0 21
E6 2 8 77 0 1 7E 0 0 21
27 79 4 41 0 1 167 0 0 21
42 8 E BC 1 1 FFBE 0 0 21
E0 2D E2 4C 1 1 4C 0 0 21
96 7A 78 47 0 1 48 0 0 21
54 95 1 B0 1 1 DC94 0 0 21
7F 1 E F 1 1 F 0 0 21
1 D3 C7 15 1 1 15 0 0 21
6 14 D8 C8 0 0 C8 0 0 3
8F D0 8F 66 1 0 66 0 0 3
2 B4 D 1B 1 0 1B 0 0 3
25 CF FC EC 1 1 FFEC 0 0 21
5D A0 95 6B 0 1 6B 0 0 21
FC BC 0 6B 0 0 B97B 0 0 3
91 C1 10 17 0 0 17 0 0 3
F3 B1 C2 A0 0 1 A1 0 0 21
8A 4B A E5 1 1 FF8D 0 0 21
67 42 F 82 0 0 82 0 0 3
17 8 FB 83 0 1 83 0 0 21
33 13 11 B5 1 1 FFB8 0 0 21
52 2F 9 FF 1 0 6 0 0 3
C1 D7 5 A9 1 1 10 0 0 21
5B 6C 64 58 0 0 58 0 0 3
B 73 51 A 1 0 A 0 0 3
4C AE C 96 0 1 F1 0 0 21
99 18 AB 13 1 0 13 0 0 3
30 31 D3 7A 1 1 7A 0 0 21
87 A4 8B CE 0 1 CF 0 0 21
A1 66 58 1E 1 0 1E 0 0 3
F1 49 42 A3 1 1 FFA3 0 0 21
45 3 6 23 0 0 26 0 0 3
BE A 36 60 0 0 60 0 0 3
7E AA EF 49 0 1 49 0 0 21
19 88 B0 FD 1 0 FFFD 0 0 3
1E 62 BD EA 1 1 FFEA 0 0 21
6F 27 E7 20 1 0 20 0 0 3
22 BF BB 69 1 1 69 0 0 21
52 CA A6 37 0 0 37 0 0 3
42 95 9 BE 0 1 137 0 0 21
43 CC 6 70 1 0 3A 0 0 3
AC 3D 8E EE 0 0 EE 0 0 3
B6 A2 CA 28 0 0 28 0 0 3
36 20 31 10 1 1 10 0 0 21
78 F5 F 5C 1 0 5C 0 0 3
F0 72 1 92 1 0 FC02 0 0 3
8B 36 2A 15 1 1 12 0 0 21
76 71 7A 55 1 0 55 0 0 3
EB 31 69 F6 1 0 FFF6 0 0 3
A6 CF F 9E 0 0 9F 0 0 3
49 E0 2A CB 1 1 FFCA 0 0 21
FA FE 10 AC 0 0 AC 0 0 3
FB 63 B 17 0 0 23 0 0 3
F8 75 F D2 0 0 D2 0 0 3
B9 BA AC 38 0 1 39 0 0 21
1C DA 7 60 0 1 DC 0 0 21
7 8C 66 A4 1 0 FFA4 0 0 3
A D4 F3 C0 1 1 FFC0 0 0 21
E5 A8 B FE 0 0 110 0 0 3
B8 9B 2E 7A 1 1 7D 0 0 21
C1 3B E DA 1 0 FFDA 0 0 3
45 F7 D 8A 1 0 FF8A 0 0 3
47 8F BA DF 1 0 FFDF 0 0 3
78 F1 D3 8D 0 0 8D 0 0 3
2F 7A 4F 2A 0 1 2A 0 0 21
37 41 67 70 0 1 70 0 0 21
24 44 2 D3 1 0 237 0 0 3
95 74 12 1A 1 1 FFF4 0 0 21
41 55 8 CA 1 1 20 0 0 21
81 29 17 D4 1 0 FFD4 0 0 3
4A 46 E 2B 1 0 2B 0 0 3
72 E9 8A 84 0 0 84 0 0 3
D6 77 D B9 1 0 FFB9 0 0 3
D5 CF D D6 1 1 FFE2 0 0 21
4F D9 F7 3A 0 0 3A 0 0 3
AD 90 3 72 0 1 B42 0 0 21
57 37 0 41 1 0 12F2 0 0 3
C4 CC 7 8 1 1 47 0 0 21
A3 BD E BA 0 1 157 0 0 21
F8 F6 C0 23 1 0 23 0 0 3
4A DB E E7 1 1 FFDA 0 0 21
99 84 F 87 1 1 FFBF 0 0 21
83 B7 9A FF 1 0 FFFF 0 0 3
7F E3 F9 8E 0 1 8E 0 0 21
7A 3C 2B C9 0 0 C9 0 0 3
F0 5 53 F6 1 0 FFF6 0 0 3
8A B4 C 50 1 1 8E 0 0 21
1F 5B C 7B 1 0 7B 0 0 3
61 CB 24 55 1 0 55 0 0 3
13 59 D6 F2 0 1 F2 0 0 21
8 68 4 6F 0 1 A3 0 0 21
7D B8 42 EF 0 0 EF 0 0 3
30 64 B E2 1 0 FFE4 0 0 3
99 27 B6 F5 1 0 FFF5 0 0 3
50 D7 D 43 1 1 30 0 0 21
46 7B EE B9 1 1 FFB9 0 0 21
58 D0 3 77 1 0 FE67 0 0 3
FB 8E 6C 90 0 1 93 0 0 21
EE FD 2 50 1 1 5D 0 0 21
B 8C A E5 1 0 FFE4 0 0 3
BA 0 71 21 0 1 21 0 0 21
7D 6 EA B4 0 1 B4 0 0 21
1B CF D4 DA 0 0 DA 0 0 3
DE 75 6 66 0 0 1FB 0 0 3
C6 BF 2 B9 0 1 25A7 0 0 21
80 A0 F3 92 0 1 92 0 0 21
82 D3 B 1B 0 0 28 0 0 3
A8 2A F 35 1 1 25 0 0 21
14 85 6 95 1 0 FF6F 0 0 3
8F 47 A4 C8 1 0 FFC8 0 0 3
13 17 DD 6A 1 1 6A 0 0 21
E3 10 3 10 1 1 FFDD 0 0 21
1E 95 4C 96 1 1 FF96 0 0 21
8 66 55 C4 0 0 C4 0 0 3
39 FF 3 DC 0 0 7F4 0 0 3
93 22 70 B2 0 0 B2 0 0 3
92 DE C A6 1 1 FFBF 0 0 21
BF 5F 38 FD 1 0 FFFD 0 0 3
C1 E4 F 25 0 1 E8 0 0 21
DD A6 5 41 1 1 BF 0 0 21
54 51 5F B8 1 0 FFB8 0 0 3
77 8 B B4 0 1 BB 0 0 21
FF CC 8 E5 1 0 FFE5 0 0 3
D0 82 63 57 1 1 57 0 0 21
F2 C6 6 A7 0 1 5DA 0 0 21
A4 2C 1 45 1 0 F85D 0 0 3
1B 7A BD 45 0 1 45 0 0 21
3D 13 5 D 1 1 3B 0 0 21
BD EE 35 2 0 1 12 0 0 21
7B 6E AF 21 1 0 21 0 0 3
21 A7 8E 22 1 0 22 0 0 3
A1 1C 5 6A 0 1 11E 0 0 21
9F 52 D 86 1 0 FF86 0 0 3
8B 54 82 D4 1 1 FFD4 0 0 21
F8 CD F 6F 0 1 150 0 0 21
4C CA 21 A7 0 0 A7 0 0 3
8 9B 3B EC 1 1 FFEC 0 0 21
CE E7 6 7A 0 1 5A3 0 0 21
2B BB 5 F1 1 1 FF7B 0 0 21
D 48 11 B7 1 0 FFB7 0 0 3
73 72 4E 86 0 1 88 0 0 21
C2 79 A0 5A 0 0 5A 0 0 3
D7 29 A 52 0 1 AA 0 0 21
2E D1 1 26 1 1 F7B4 0 0 21
4E BB 64 DD 1 0 FFDD 0 0 3
49 E9 F8 61 0 0 61 0 0 3
3D C8 54 C7 1 1 FFC7 0 0 21
FF FE 9 A 0 0 88 0 0 3
7B 91 5 5A 0 0 287 0 0 3
93 CB AC 87 1 1 FF87 0 0 21
AB D3 C 2E 1 1 48 0 0 21
B7 C0 D7 72 1 1 72 0 0 21
FC 4B BE 84 1 0 FF84 0 0 3
89 5A 60 2A 0 0 2A 0 0 3
1F 7F 29 8B 0 0 8B 0 0 3
D8 C2 6 6D 1 1 B1 0 0 21
6C 42 8D EB 0 0 EB 0 0 3
6B F0 B 58 1 1 4A 0 0 21
B3 F9 FF 42 1 0 42 0 0 3
2D 9 68 B1 1 0 FFB1 0 0 3
C2 CF 9A F5 1 1 FFF5 0 0 21
4B C9 F4 33 1 1 33 0 0 21
7C 1E 9 D0 0 0 D7 0 0 3
DF A7 B8 94 0 1 95 0 0 21
28 23 5 95 0 1 CD 0 0 21
81 BA 5 AB 0 1 46A 0 0 21
2A E2 C 97 1 0 FF97 0 0 3
48 47 4A 7C 1 1 7C 0 0 21
ED D2 8 C2 0 0 184 0 0 3
55 94 6D 97 1 0 FF97 0 0 3
59 95 4A 3B 1 0 3B 0 0 3
FD 9A 44 8D 1 1 FF8D 0 0 21
1C 70 8 D4 1 1 5 0 0 21
B2 C9 55 C4 1 0 FFC4 0 0 3
BA 91 DF FD 1 0 FFFD 0 0 3
E5 31 4 52 0 1 30F 0 0 21
B0 44 B8 A8 0 1 A8 0 0 21
24 B5 A 92 0 0 98 0 0 3
A2 C8 2 7B 0 0 201F 0 0 3
A5 BB 8 5C 0 0 D4 0 0 3
68 2A 4 E1 1 0 F2 0 0 3
75 13 6 C9 1 1 6 0 0 21
99 66 D 28 1 0 27 0 0 3
74 76 67 60 1 0 60 0 0 3
EB 50 8 C1 1 1 FFA7 0 0 21
92 D8 42 E4 0 1 EB 0 0 21
9D FB 7C 13 0 1 15 0 0 21
D9 39 0 C3 0 1 0 1 0 3
85 92 C E0 0 0 E4 0 0 3
5F B5 10 CC 1 0 FFCC 0 0 3
51 76 B A3 1 1 FFF1 0 0 21
96 E5 0 E2 0 1 0 1 0 3
5E FE C A7 1 0 FFA7 0 0 3
C3 27 4 F5 0 1 2D0 0 0 21
44 D0 10 F4 0 0 F4 0 0 3
90 52 E 26 1 1 FFF8 0 0 21
35 58 90 E8 1 1 FFE8 0 0 21
60 11 4 A 0 1 70 0 0 21
55 9A 7A 54 0 1 54 0 0 21
D5 7A 8 5B 0 1 1F1 0 0 21
C0 93 1 28 0 1 6E68 0 0 21
20 88 34 52 0 0 52 0 0 3
9 A6 3 8B 0 1 131 0 0 21
B 92 10 45 1 1 41 0 0 21
A9 AB 9B E9 1 1 FFE9 0 0 21
B6 BD 34 1 1 1 2 0 0 21
2B DD 7F 5F 1 1 5F 0 0 21
2C 52 E 99 0 1 AB 0 0 21
7A 7A E F4 0 0 F4 0 0 3
DE 90 19 7F 1 1 85 0 0 21
A6 AD DE 5D 0 1 5D 0 0 21
3F A5 20 D4 1 0 FFD4 0 0 3
9E 89 F0 14 0 1 14 0 0 21
6B BD 2 93 1 0 F893 0 0 3
44 E9 2 46 0 0 FBF 0 0 3
72 CB D1 8B 0 1 8B 0 0 21
CA 5C 66 26 1 1 26 0 0 21
57 42 78 F8 1 0 FFF8 0 0 3
D6 A2 91 24 0 0 24 0 0 3
FC 2F 45 DC 1 1 FFDC 0 0 21
2C 6D 7 3C 1 1 9D 0 0 21
EE 55 D E6 1 1 FFDD 0 0 21
FB 89 C4 13 1 0 13 0 0 3
9D E8 48 E2 0 0 E2 0 0 3
D B7 9 18 0 0 1C 0 0 3
2A 32 11 BE 1 1 FFC5 0 0 21
EC 39 8 33 1 0 2F 0 0 3
E0 57 2 15 1 1 FD5D 0 0 21
FE EC 20 F6 0 0 F6 0 0 3
C1 4F B 7 1 1 FFDE 0 0 21
65 EC A 6D 0 1 15B 0 0 21
CB 1D A 61 0 1 9B 0 0 21
F7 E6 9 B8 1 0 FFB8 0 0 3
55 9C F 5 0 1 3F 0 0 21
C4 37 3 33 0 0 576 0 0 3
32 1C D 24 1 0 24 0 0 3
C2 42 A7 81 0 0 81 0 0 3
2F 5D C 71 0 1 8F 0 0 21
15 AF 78 66 0 1 66 0 0 21
4E B9 8 16 1 1 FFC0 0 0 21
EE AA 62 7D 0 1 81 0 0 21
65 16 8D D7 1 0 FFD7 0 0 3
BE DC 11 B9 0 1 149 0 0 21
66 61 F3 81 0 1 81 0 0 21
C CE 6A B7 0 0 B7 0 0 3
D8 A6 8C FE 0 0 FE 0 0 3
80 24 2 11 0 0 491 0 0 3
D5 DF 4 E 0 1 BA6 0 0 21
20 7F 7D 11 1 1 11 0 0 21
C3 63 44 F6 0 1 FA 0 0 21
BD F2 E 7D 1 1 81 0 0 21
6F AA C9 56 1 1 56 0 0 21
5F 62 E6 8A 1 1 FF8A 0 0 21
3D 78 CE 1F 1 0 1F 0 0 3
B5 A8 55 14 0 0 14 0 0 3
A8 C1 60 13 0 1 16 0 0 21
34 D4 C7 15 0 1 15 0 0 21
95 A 45 66 1 1 66 0 0 21
F2 4D 7 B9 0 1 235 0 0 21
5C F4 80 50 0 0 50 0 0 3
F1 68 4A 88 0 0 88 0 0 3
EE BB 5 39 1 1 6A 0 0 21
20 2F 4 28 0 0 86 0 0 3
32 14 EF 28 0 1 28 0 0 21
31 28 9 62 0 0 65 0 0 3
40 18 A 2A 0 0 2B 0 0 3
2A 8E 8 66 0 0 7D 0 0 3
4F 96 2 DC 1 0 F7AF 0 0 3
91 2B 53 6A 1 1 6A 0 0 21
46 55 E 79 1 0 79 0 0 3
69 4F 58 CF 0 0 CF 0 0 3
B0 60 72 2B 0 1 2C 0 0 21
55 88 C 6E 0 0 70 0 0 3
AA 80 D 78 0 1 F8 0 0 21
2B 3D 5 61 1 0 B2 0 0 3
1F 64 5 4 0 0 64 0 0 3
A8 D7 26 7E 0 0 7E 0 0 3
95 92 2D 56 1 1 5B 0 0 21
64 F2 CD 83 1 1 FF83 0 0 21
3B 55 F6 D7 0 1 D7 0 0 21
C7 74 CD D9 1 1 FFD9 0 0 21
55 A5 D D2 0 1 124 0 0 21
EB 47 62 C7 0 1 C8 0 0 21
A4 33 A 2 1 1 FFD4 0 0 21
FB 8E C 63 0 0 6B 0 0 3
21 9F 17 6E 0 0 6E 0 0 3
6E C0 E 87 1 0 FF87 0 0 3
24 9C 23 9B 0 0 9B 0 0 3
7F B8 F0 A6 0 1 A6 0 0 21
D9 9E 4 25 0 0 883 0 0 3
C4 79 4 B7 0 1 681 0 0 21
5C 9D E9 BB 0 0 BB 0 0 3
97 27 EE BD 1 1 FFBD 0 0 21
57 31 E 23 1 1 38 0 0 21
E0 A3 C6 16 1 1 16 0 0 21
A 89 F 2 1 1 FFFD 0 0 21
E3 B3 8 2C 0 0 CA 0 0 3
BD BB 6E 6C 0 0 6C 0 0 3
25 AF B 4C 1 1 34 0 0 21
EC 52 10 45 0 0 45 0 0 3
74 3D 1 B2 0 0 E84 0 0 3
94 CB 1 49 0 0 3AF7 0 0 3
2F 7D E F4 0 1 111 0 0 21
3A BE 10 E6 1 0 FFE6 0 0 3
FF E F E4 1 1 FFE4 0 0 21
6A 3B BF 38 1 0 38 0 0 3
D 1B 11 7B 0 1 7C 0 0 21
38 87 0 C5 0 1 0 1 0 3
F0 77 CB 5C 1 0 5C 0 0 3
EB FB 4 62 1 0 68 0 0 3
EE 68 3 8F 0 1 B4D 0 0 21
38 79 E5 68 0 1 68 0 0 21
98 3B 31 A 1 0 A 0 0 3
CD A6 1 B0 0 1 859E 0 0 21
BC B5 79 D6 0 1 D8 0 0 21
E6 62 1 A6 0 1 58B2 0 0 21
20 4F 3A 42 0 0 42 0 0 3
E A6 0 34 1 1 0 1 0 3
42 18 5 84 0 0 B5 0 0 3
0 F0 E D1 0 1 D1 0 0 21
94 93 9 2 0 1 10E 0 0 21
6 BA 0 DA 0 1 0 1 0 3
D5 11 D3 CB 0 1 CB 0 0 21
E8 6C 9B 86 0 1 87 0 0 21
CE 31 E 44 0 1 77 0 0 21
CC D 11 5C 0 0 5C 0 0 3
18 39 1 BC 0 0 368 0 0 3
90 D8 8B 11 1 1 11 0 0 21
9C DE C 78 0 0 80 0 0 3
91 5B 5 62 0 0 1FE 0 0 3
97 98 3E 3B 1 0 3B 0 0 3
C7 89 D 80 1 0 FF80 0 0 3
8E D3 4 C0 0 1 810 0 0 21
A3 6A B 2 1 0 FFFE 0 0 3
95 6D 2 96 1 0 F433 0 0 3
8E 3E E3 44 0 0 44 0 0 3
A 98 D3 BD 0 1 BD 0 0 21
87 2 A3 13 1 0 13 0 0 3
C2 BF 5E 71 1 0 71 0 0 3
18 8A 8D 10 1 1 10 0 0 21
6C 3A 11 97 0 1 AC 0 0 21
A0 D1 D EE 0 0 F2 0 0 3
85 8C 83 8E 0 1 8F 0 0 21
C9 BC 16 DA 0 1 128 0 0 21
94 C3 54 94 1 1 FF94 0 0 21
93 4B 6F 99 0 1 99 0 0 21
C4 B3 14 DF 1 1 FFEA 0 0 21
DF 51 82 7A 0 1 7B 0 0 21
19 48 C 74 1 0 74 0 0 3
C3 98 10 16 1 0 16 0 0 3
28 90 F 43 1 0 43 0 0 3
48 96 4 1B 0 0 2BE 0 0 3
B4 71 E E8 1 0 FFE8 0 0 3
23 5E 4A 99 1 1 FF99 0 0 21
E4 BE 88 3F 0 0 3F 0 0 3
DC 16 5 32 1 0 1A 0 0 3
3B 88 26 B5 0 1 BA 0 0 21
63 98 89 6A 1 0 6A 0 0 3
4D BC B0 2F 1 0 2F 0 0 3
A2 EA D0 E1 0 1 E1 0 0 21
B 9D 8 9A 0 0 A0 0 0 3
BB C7 3 70 0 1 1096 0 0 21
98 C0 A 43 1 0 49 0 0 3
ED 74 D 34 0 1 D6 0 0 21
69 8B C7 22 0 0 22 0 0 3
EB 26 2 81 1 1 FEBA 0 0 21
F5 60 0 55 1 0 FC35 0 0 3
BA E5 E 77 1 1 80 0 0 21
B9 D3 9 D6 1 0 FFDC 0 0 3
23 97 F 46 1 1 36 0 0 21
4C 1E 22 C6 1 0 FFC6 0 0 3
85 1E 7D 78 0 1 78 0 0 21
D8 3A 3 38 1 0 FF16 0 0 3
8C A5 B 3F 0 0 4A 0 0 3
7D B2 72 24 1 0 24 0 0 3
B2 D1 54 4A 1 1 4A 0 0 21
FC 27 4 C0 0 0 326 0 0 3
8C 3D 8 18 1 0 FFFD 0 0 3
3F 72 5 F6 1 1 115 0 0 21
AC 59 81 D3 1 0 FFD3 0 0 3
B7 88 FF B5 1 0 FFB5 0 0 3
25 55 2 E4 0 0 3F6 0 0 3
F9 8E 20 2 0 1 24 0 0 21
D6 60 F3 26 0 0 26 0 0 3
66 B9 8 2A 1 1 FFB9 0 0 21
E5 7 8 EA 0 0 F0 0 0 3
B7 80 92 A3 1 0 FFA3 0 0 3
B3 75 7A 66 1 0 66 0 0 3
85 B EE 16 1 0 16 0 0 3
2E 78 7 A2 0 0 CD 0 0 3
2F 83 11 77 1 0 77 0 0 3
64 4F 8 C0 0 0 DE 0 0 3
B5 93 B 57 1 1 9A 0 0 21
55 70 2 31 1 1 97D 0 0 21
64 EC BE 74 0 0 74 0 0 3
76 CC B9 31 0 0 31 0 0 3
11 5A C3 3B 1 1 3B 0 0 21
C3 C0 2 98 1 1 368 0 0 21
54 C0 CC 62 0 1 62 0 0 21
F5 A5 70 EF 0 0 EF 0 0 3
45 50 2B AC 0 0 AC 0 0 3
98 19 6 BF 0 0 FA 0 0 3
4B 5D D A5 1 0 FFA5 0 0 3
4E 58 D 86 1 0 FF86 0 0 3
57 3A 55 11 1 1 11 0 0 21
59 D5 7F 9 0 1 A 0 0 21
37 C1 8 9D 0 1 142 0 0 21
19 3 7D 47 1 0 47 0 0 3
BF 25 97 15 1 1 15 0 0 21
18 1 9 CE 1 0 FFCE 0 0 3
44 26 5 87 1 0 FFD7 0 0 3
F2 83 FF D1 0 1 D1 0 0 21
3F 5D A 1D 0 1 57 0 0 21
11 CA B 51 0 0 52 0 0 3
F0 18 0 FC 1 1 0 1 0 3
3B 6C 8F F6 1 1 FFF6 0 0 21
DB 27 0 71 1 1 0 1 0 3
3 E6 D 16 1 0 16 0 0 3
8D 67 D F4 1 1 FFAE 0 0 21
4B 83 7 D5 0 1 19D 0 0 21
BE A1 B 57 0 0 65 0 0 3
E7 EB C7 FE 1 0 FFFE 0 0 3
3B A8 ED 6D 1 1 6D 0 0 21
11 6C 96 74 1 0 74 0 0 3
47 C7 9 32 1 1 1 0 0 21
6F 7A E BA 0 0 BA 0 0 3
D2 FF 11 C9 0 1 182 0 0 21
85 D1 5C 4D 0 0 4D 0 0 3
CE 52 3 71 0 0 8B0 0 0 3
50 3B 4 F7 0 0 21E 0 0 3
9F 9B 3 FE 0 1 BB0 0 0 21
55 A7 8 D3 1 1 FF5D 0 0 21
6B 3D 2 23 0 0 682 0 0 3
40 76 8E F0 1 1 FFF0 0 0 21
34 9B A3 7D 1 0 7D 0 0 3
F8 36 A DE 0 0 EB 0 0 3
67 52 5F BB 0 0 BB 0 0 3
DE CD 2 66 1 0 217 0 0 3
AF A2 5 A8 0 0 41D 0 0 3
4F 8F F 3A 0 1 6C 0 0 21
A 60 7 3C 1 1 4F 0 0 21
74 B1 8 B9 0 1 1F9 0 0 21
B BD B2 39 1 1 39 0 0 21
AF 67 3 7D 0 1 84F 0 0 21
78 B0 39 78 0 1 7E 0 0 21
E9 F2 11 6D 0 1 130 0 0 21
4D 5A 93 27 1 0 27 0 0 3
DD 66 69 4D 1 0 4D 0 0 3
80 37 C 7F 0 0 80 0 0 3
7D B3 D3 54 0 0 54 0 0 3
87 63 7F 8E 0 1 8E 0 0 21
B2 B4 C7 19 1 1 19 0 0 21
42 BD 1 A3 1 0 F700 0 0 3
EA 64 4C EF 0 0 EF 0 0 3
C4 B9 6 49 1 0 8B 0 0 3
E9 59 9E 11 1 0 11 0 0 3
56 6A 5 C9 0 0 1E5 0 0 3
1A 8C A9 5E 1 0 5E 0 0 3
CD 34 10 BB 0 1 E4 0 0 21
FA 84 4F D1 1 0 FFD1 0 0 3
C0 27 6 8E 1 1 FF49 0 0 21
79 B9 8 A 0 1 167 0 0 21
D4 AC 8 53 0 0 E1 0 0 3
36 5A A4 B3 1 1 FFB3 0 0 21
5C F7 10 B8 1 1 FFB5 0 0 21
CF 71 A1 36 1 0 36 0 0 3
E6 B5 AB 78 0 0 78 0 0 3
E2 86 1 5 1 0 72B 0 0 3
1F CA 84 FF 1 1 FFFF 0 0 21
91 B6 9 8C 1 0 FF9C 0 0 3
1C EE 99 5D 0 1 5D 0 0 21
AF C2 A3 5A 0 0 5A 0 0 3
5 9B 5 95 0 0 AD 0 0 3
32 22 FD CF 1 0 FFCF 0 0 3
99 B5 5F 40 1 0 40 0 0 3
22 D5 E 79 0 1 9D 0 0 21
1A C1 6 E5 0 0 133 0 0 3
FA 60 2 D5 0 1 1845 0 0 21
5D E6 8E 3C 1 0 3C 0 0 3
8E ED 2 46 0 1 2123 0 0 21
80 A8 B AB 0 1 15C 0 0 21
E6 F0 97 C2 1 0 FFC2 0 0 3
BF F7 4 A0 0 1 C24 0 0 21
77 8C 0 3F 1 0 CA53 0 0 3
86 10 D9 A1 0 0 A1 0 0 3
47 C5 F2 AD 1 0 FFAD 0 0 3
9 A9 B 97 0 1 A3 0 0 21
2D E5 3 9D 0 0 5A5 0 0 3
65 EF 46 94 0 1 98 0 0 21
AD 69 D C8 0 1 133 0 0 21
84 9C 2A 52 0 1 5D 0 0 21
EE F1 DF 29 0 0 29 0 0 3
95 5B B 7E 0 1 EE 0 0 21
17 DC B A4 0 1 CD 0 0 21
76 2B ED 9A 1 0 FF9A 0 0 3
5D 7D C D9 0 0 DB 0 0 3
1F 17 10 D2 0 0 D2 0 0 3
D0 31 E4 D7 0 1 D7 0 0 21
50 36 B B1 1 0 FFB3 0 0 3
5F A 34 B1 0 0 B1 0 0 3
EE BD 3 9B 1 1 21 0 0 21
C9 3D 8 2C 1 0 1F 0 0 3
55 9E B 3C 1 1 FFF8 0 0 21
9F 1 1 4A 0 1 E9 0 0 21
37 93 58 2D 1 1 2D 0 0 21
FC 7C 73 6A 1 1 6A 0 0 21
E1 FD 11 35 0 1 F9 0 0 21
A5 FF 9 42 1 0 42 0 0 3
14 38 AA 28 0 1 28 0 0 21
19 8B A F2 0 0 F5 0 0 3
10 19 D0 8B 1 1 FF8B 0 0 21
21 A8 8 32 1 1 5 0 0 21
F2 5D DE 3B 0 1 3B 0 0 21
B5 B EB 45 0 0 45 0 0 3
21 32 A DD 1 1 FFED 0 0 21
B9 FC 11 71 1 1 71 0 0 21
1 62 98 DE 1 1 FFDE 0 0 21
7D C 6 5E 0 1 87 0 0 21
F1 58 C0 E8 0 0 E8 0 0 3
B0 25 C 5A 0 1 87 0 0 21
4E C5 F DA 1 0 FFDA 0 0 3
BA 52 F5 B0 0 0 B0 0 0 3
CB 29 3C D7 1 1 FFD7 0 0 21
71 83 DC C5 1 0 FFC5 0 0 3
D6 C4 5 51 0 0 56F 0 0 3
F2 D6 1 BD 0 1 CB09 0 0 21
6D 8D 5D B6 0 0 B6 0 0 3
F9 8F 7 60 1 0 66 0 0 3
A 9F B 32 0 0 32 0 0 3
C8 5C F CF 1 1 FFB9 0 0 21
85 4 23 E4 1 1 FFE4 0 0 21
9F BB 2 AD 1 0 636 0 0 3
83 D4 42 E1 1 0 FFE1 0 0 3
17 DF B 4A 0 1 74 0 0 21
5 87 9 BC 0 1 C4 0 0 21
3A C7 FA 3F 0 1 3F 0 0 21
9D 57 73 8B 1 0 FF8B 0 0 3
A2 4B B7 31 1 1 31 0 0 21
AE C7 E 43 1 1 5A 0 0 21
DB C4 E6 32 1 1 32 0 0 21
D 75 2 CC 0 1 248 0 0 21
EE 70 0 27 1 0 F847 0 0 3
1E A6 6 78 1 0 4E 0 0 3
5F 75 1 5A 1 1 2BC5 0 0 21
F3 48 EE 74 1 1 74 0 0 21
BF 44 84 A3 0 0 A3 0 0 3
96 68 53 46 1 1 45 0 0 21
3F B0 E9 8F 0 1 8F 0 0 21
FA EB 6D D7 0 1 DB 0 0 21
EC DF 0 ED 1 1 0 1 0 3
25 E5 10 AF 1 1 FFAC 0 0 21
EC 7F 10 64 0 1 D9 0 0 21
94 2B 4 85 0 1 212 0 0 21
8A 8D 32 4B 1 1 50 0 0 21
80 E4 10 C5 0 1 137 0 0 21
8E 3D 9E 68 1 0 68 0 0 3
14 A1 5 ED 0 1 16D 0 0 21
90 8D 67 85 0 1 86 0 0 21
DE CF C 7B 0 0 86 0 0 3
A1 FD 30 EA 1 0 FFEA 0 0 3
81 D 26 9C 1 0 FF9C 0 0 3
C0 57 7 EF 0 1 243 0 0 21
49 47 2 93 1 1 4A2 0 0 21
22 89 4 1F 0 1 142 0 0 21
50 11 26 90 1 1 FF90 0 0 21
4 F9 36 2E 1 1 2E 0 0 21
9D 97 CB 7E 0 0 7E 0 0 3
AA 22 D8 43 1 1 43 0 0 21
95 2B E 5F 1 0 5F 0 0 3
7B 1 84 91 1 1 FF91 0 0 21
D4 28 8F C2 1 1 FFC2 0 0 21
C3 3C 37 D3 0 1 D6 0 0 21
3A 5A 10 FE 1 0 FFFE 0 0 3
7B 42 EE B9 1 0 FFB9 0 0 3
55 D2 2 20 1 0 FC4F 0 0 3
B5 32 83 F4 1 1 FFF4 0 0 21
6A 5D 9 23 1 0 36 0 0 3
BF DB A AA 0 0 D2 0 0 3
18 35 6 17 0 1 3A 0 0 21
6E 60 96 60 0 1 60 0 0 21
97 39 9 4C 0 1 B6 0 0 21
ED A0 8D F0 1 1 FFF0 0 0 21
8B D1 A 13 1 1 49 0 0 21
31 96 1 63 0 0 EBE 0 0 3
C8 8D BF F5 1 1 FFF5 0 0 21
41 A6 B 3B 0 1 94 0 0 21
8E DB 7 AF 0 1 329 0 0 21
FF 8B 4D 6C 1 1 6C 0 0 21
BE 36 10 AB 0 0 AB 0 0 3
8E 13 7 F3 1 1 FFC7 0 0 21
32 54 57 A9 1 0 FFA9 0 0 3
81 F A 13 0 1 26 0 0 21
C7 5F F 1B 1 0 1B 0 0 3
1C C9 E BB 0 1 D7 0 0 21
D1 13 0 82 0 1 0 1 0 3
A4 2C 10 59 1 0 59 0 0 3
EF F8 E D 0 0 10 0 0 3
27 8A 57 97 1 0 FF97 0 0 3
10 69 14 FD 0 0 FD 0 0 3
5E BF 73 84 0 0 84 0 0 3
53 F5 2 4F 1 1 FF6B 0 0 21
F1 FC A9 17 1 0 17 0 0 3
41 B1 5 26 0 1 1F2 0 0 21
A0 84 5E 83 1 0 FF83 0 0 3
11 8F 5A 19 1 0 19 0 0 3
5 A5 72 57 1 1 57 0 0 21
F 25 A 31 1 0 31 0 0 3
45 62 FF 47 0 0 47 0 0 3
5B 8D A 77 1 1 F 0 0 21
6F 7B DE 7 0 1 7 0 0 21
E2 C1 3 4F 0 1 133D 0 0 21
47 9 8 80 0 0 82 0 0 3
F F0 D 36 1 0 36 0 0 3
54 C1 6 A4 1 0 FF52 0 0 3
97 7C C 5C 1 1 2 0 0 21
D 45 1 D 1 0 1CD 0 0 3
E0 CF 50 99 0 0 99 0 0 3
E9 B2 C DF 0 1 1FF 0 0 21
DC 78 F5 9F 0 0 9F 0 0 3
4F 31 8 33 1 1 6F 0 0 21
26 EB 10 24 1 0 24 0 0 3
F9 E7 2E 1E 1 1 1E 0 0 21
7A 69 7D 12 0 1 12 0 0 21
51 C8 E BF 0 0 BF 0 0 3
AC 70 78 20 0 0 20 0 0 3
B5 4 2 28 1 1 FFDD 0 0 21
80 82 6D B6 1 0 FFB6 0 0 3
1B 22 7 3D 0 1 4F 0 0 21
6E BC 11 31 1 0 31 0 0 3
8B F9 A 69 0 0 8A 0 0 3
C8 94 5E 41 0 1 44 0 0 21
9E 68 D3 3A 0 0 3A 0 0 3
43 19 D0 B3 0 1 B3 0 0 21
9E F8 A 17 0 0 3D 0 0 3
A9 62 3 DE 1 0 FBB5 0 0 3
6B 20 2 EC 1 1 344 0 0 21
23 9D 10 10 1 0 10 0 0 3
7F A4 57 39 0 0 39 0 0 3
41 BC B DB 0 0 E0 0 0 3
98 54 B4 12 1 0 12 0 0 3
CD 6A 1 36 1 0 F5A7 0 0 3
AC 2F 2 8D 1 1 FBB2 0 0 21
50 DF B9 5F 1 1 5F 0 0 21
3 F1 5 38 1 0 37 0 0 3
2 F2 20 8B 1 1 FF8B 0 0 21
AE 43 C 57 1 0 56 0 0 3
8E 51 C5 B1 0 0 B1 0 0 3
3 F7 8 8C 0 1 97 0 0 21
85 9B C C5 1 0 FFC8 0 0 3
26 7A AC AB 0 0 AB 0 0 3
D 61 2E DB 0 0 DB 0 0 3
69 EC B 2A 0 1 F6 0 0 21
91 9C F 94 1 0 FF94 0 0 3
30 87 AD 5E 1 0 5E 0 0 3
B6 99 1E 49 1 1 51 0 0 21
31 FD 4F C0 0 1 C1 0 0 21
D 4A E F4 0 1 F8 0 0 21
B3 6D AC 41 0 0 41 0 0 3
8C DC 0 62 0 1 0 1 0 3
72 B2 A 7B 1 1 23 0 0 21
63 BC E C0 0 0 C1 0 0 3
80 E0 0 7C 1 0 107C 0 0 3
47 48 F7 2 1 0 2 0 0 3
D4 D1 A 79 1 1 8D 0 0 21
96 FF 70 A4 1 1 FFA4 0 0 21
83 67 F4 A8 1 1 FFA8 0 0 21
3A 0 AD 2D 0 0 2D 0 0 3
3D 2A 81 D3 1 1 FFD3 0 0 21
AA ED 3C A9 1 0 FFA9 0 0 3
D7 26 30 75 0 1 78 0 0 21
C4 3 4 72 0 1 96 0 0 21
9A D0 5 68 1 0 101 0 0 3
D5 6F C 40 1 0 3F 0 0 3
A5 7C 69 AC 0 0 AC 0 0 3
FF 3D 2 59 0 1 F89 0 0 21
9B 81 0 65 0 0 4E80 0 0 3
36 2C 11 BD 1 1 FFC5 0 0 21
99 6 A 3F 1 0 3F 0 0 3
2C 25 65 7 0 0 7 0 0 3
CB 33 FB 71 1 1 71 0 0 21
C6 EA 7 55 0 1 406 0 0 21
A7 34 3C CD 1 0 FFCD 0 0 3
65 3E C E5 0 1 110 0 0 21
35 E 3 6F 1 0 CB 0 0 3
C8 2C 8 C9 1 0 FFC0 0 0 3
44 8E 5 71 1 0 FF7F 0 0 3
A0 18 D C3 1 0 FFC3 0 0 3
F5 67 5C 5B 1 1 5B 0 0 21
2F 7D 9 2D 1 1 75 0 0 21
D7 4 95 83 1 0 FF83 0 0 3
13 23 F B7 1 0 FFB7 0 0 3
1D 25 44 FE 1 0 FFFE 0 0 3
4D 1E 12 BE 1 0 FFBE 0 0 3
83 A6 1B D4 0 1 F1 0 0 21
89 1E DB 2D 1 0 2D 0 0 3
43 7C EF F7 1 1 FFF7 0 0 21
91 E8 35 18 0 1 23 0 0 21
6F A3 E5 AB 0 0 AB 0 0 3
D2 AF 20 7A 0 1 9D 0 0 21
C1 3A 11 4C 1 0 4C 0 0 3
14 3B 8D FF 0 1 FF 0 0 21
10 B2 10 67 0 0 67 0 0 3
B9 AD 69 6 0 1 8 0 0 21
34 E 3 9E 0 0 F9 0 0 3
1F D3 4B 96 0 1 97 0 0 21
BC 2C C 97 1 1 FF83 0 0 21
A8 BF 9 97 0 1 223 0 0 21
6C C8 2 28 0 0 1540 0 0 3
AB CA 10 A8 1 0 FFA8 0 0 3
12 22 D5 FF 0 1 FF 0 0 21
54 59 CD 93 0 0 93 0 0 3
8D 8D 11 9B 1 1 FFC8 0 0 21
64 35 B 1C 1 1 47 0 0 21
EA 62 E 5 1 1 FFFA 0 0 21
B5 7 E 1B 1 0 1B 0 0 3
ED 81 5F 43 0 0 43 0 0 3
34 EF F 11 1 0 11 0 0 3
A9 66 9 E4 1 0 FFD3 0 0 3
86 72 7 D3 0 1 20A 0 0 21
52 97 7 5E 0 0 BE 0 0 3
30 26 F5 B2 1 1 FFB2 0 0 21
12 71 8 FC 1 0 3 0 0 3
44 60 9 85 1 0 FF91 0 0 3
3B FB 5A D9 0 0 D9 0 0 3
4 7E C C9 0 0 C9 0 0 3
25 BD 9 A6 1 0 FFA2 0 0 3
99 B8 EA DF 0 1 DF 0 0 21
86 7C C9 3 1 1 3 0 0 21
79 5C C EF 1 1 3C 0 0 21
71 22 C 44 1 0 44 0 0 3
62 A7 A 86 1 1 FF2F 0 0 21
87 F2 A5 94 1 0 FF94 0 0 3
D2 FD D1 D5 1 0 FFD5 0 0 3
F3 19 EA 5D 1 0 5D 0 0 3
DC 36 8 A0 0 1 159 0 0 21
D8 75 3 DC 0 1 BD4 0 0 21
9B 47 C6 54 1 1 54 0 0 21
21 75 D 20 0 1 36 0 0 21
73 6C 7 8A 0 0 EB 0 0 3
8F E4 4 1D 0 1 812 0 0 21
47 98 5B 75 0 1 76 0 0 21
54 F1 9 45 1 0 43 0 0 3
53 57 8 FC 0 1 16C 0 0 21
13 89 0 41 0 0 A6C 0 0 3
BD AA 57 C8 0 0 C8 0 0 3
4C 32 A A3 0 1 C9 0 0 21
2F 34 1 C4 1 0 48A 0 0 3
5D 6E 8 4D 1 1 EC 0 0 21
DE 37 D F6 0 0 F7 0 0 3
4D 1B 30 91 1 1 FF91 0 0 21
77 81 DA 74 1 0 74 0 0 3
5 E1 6C 57 1 0 57 0 0 3
50 F2 D 56 0 1 C8 0 0 21
44 B9 9 DE 1 1 FFA3 0 0 21
2E 2B 3C 26 1 0 26 0 0 3
EE 40 E 1D 1 1 18 0 0 21
C3 58 1B 77 1 0 77 0 0 3
3D A3 9 6D 0 0 80 0 0 3
6C 96 B 12 1 0 D 0 0 3
1C 2 2 25 1 0 33 0 0 3
3C 86 E 2F 1 1 A 0 0 21
7B B5 36 E7 1 0 FFE7 0 0 3
A4 CC B C9 0 1 1DD 0 0 21
33 A9 5 98 1 1 FEE7 0 0 21
36 26 1D 28 1 0 28 0 0 3
9A A9 1 4 0 1 65AE 0 0 21
21 5F 1E D5 0 1 D8 0 0 21
56 74 52 C9 1 0 FFC9 0 0 3
C2 90 0 5 0 0 6D25 0 0 3
56 41 1 12 0 0 AFD 0 0 3
90 7A 69 A1 1 1 FFA0 0 0 21
69 10 C E0 0 1 EB 0 0 21
51 7C A 2A 0 0 33 0 0 3
C0 AF FC 43 1 1 43 0 0 21
6A 22 10 1E 1 1 2C 0 0 21
8F 91 B4 2B 1 0 2B 0 0 3
89 49 B 7E 0 1 D0 0 0 21
A1 ED D 1E 1 0 1E 0 0 3
34 64 C 64 1 1 88 0 0 21
C7 A5 F5 13 1 1 13 0 0 21
C1 51 F4 87 0 0 87 0 0 3
D9 8 7 AF 1 0 FFAD 0 0 3
A0 9F A C8 0 1 1C6 0 0 21
15 9A F0 35 0 0 35 0 0 3
0 EE E 58 0 1 58 0 0 21
4A C1 10 BB 1 0 FFBB 0 0 3
2C 5 F1 B8 0 0 B8 0 0 3
8E A6 A A7 1 0 FFB1 0 0 3
E4 DD E C2 1 0 FFC2 0 0 3
78 B2 5 F1 0 1 447 0 0 21
5 9 3 B3 1 0 FFB8 0 0 3
27 D9 82 86 1 1 FF86 0 0 21
AD 1C 11 4F 0 0 4F 0 0 3
3A 6F A EF 0 0 F5 0 0 3
D5 FF 7 FF 1 0 FFFF 0 0 3
C ED E C9 1 1 FFC8 0 0 21
32 9D 3 CB 1 0 FD61 0 0 3
C3 4E E5 B5 0 1 B5 0 0 21
96 96 2 30 1 0 B29 0 0 3
6F 5 4 E5 1 1 7 0 0 21
DD 49 17 77 1 1 73 0 0 21
D9 60 42 ED 1 0 FFED 0 0 3
59 2B 1 D3 0 1 FC6 0 0 21
20 9C 17 D8 0 1 E1 0 0 21
88 4C 61 8F 0 1 90 0 0 21
73 96 D0 98 1 0 FF98 0 0 3
3B D4 5 BF 0 1 2B3 0 0 21
87 CD DE FF 1 1 FFFF 0 0 21
A3 15 FA F5 1 1 FFF5 0 0 21
7E 67 F6 BA 1 1 FFBA 0 0 21
91 84 6F 77 0 0 77 0 0 3
A7 78 7 95 0 1 22D 0 0 21
A7 98 B2 29 1 1 29 0 0 21
B2 9F E6 93 1 1 FF93 0 0 21
9B D 0 4A 1 1 0 1 0 3
D6 12 D 1F 0 0 1F 0 0 3
5D 30 90 A3 1 1 FFA3 0 0 21
79 9B 86 7D 1 1 7D 0 0 21
9B BA 6 9A 1 1 5E 0 0 21
FE 7C 9 8B 1 1 FF88 0 0 21
86 7C C7 CC 1 1 FFCC 0 0 21
EF 1 D9 B8 0 1 B8 0 0 21
88 3A C8 9A 0 1 9A 0 0 21
83 3C 11 27 0 1 42 0 0 21
DF EB 9E 18 1 0 18 0 0 3
C3 9C D8 E8 0 0 E8 0 0 3
63 9E 31 A7 1 0 FFA7 0 0 3
8A C2 91 C9 1 0 FFC9 0 0 3
D9 49 5 E3 1 0 FF8B 0 0 3
FB 11 69 56 0 0 56 0 0 3
C CE 74 61 1 0 61 0 0 3
D2 4C C E5 0 0 E8 0 0 3
11 D3 2E 4D 1 0 4D 0 0 3
DB 26 C A5 1 1 FF9C 0 0 21
5F E7 D B8 1 0 FFB8 0 0 3
35 E0 0 4B 1 1 0 1 0 3
4E 3F D FD 1 1 1A 0 0 21
ED 10 A 39 1 0 39 0 0 3
C2 C1 81 E 1 1 E 0 0 21
7 C4 C3 3C 0 0 3C 0 0 3
AD F7 4 27 0 0 A95 0 0 3
30 2F 11 C6 1 1 FFCD 0 0 21
60 3 11 67 1 0 67 0 0 3
60 21 F0 45 1 1 45 0 0 21
7F FE 10 6E 0 0 6E 0 0 3
19 32 DA 45 1 1 45 0 0 21
2D 11 2 47 0 1 106 0 0 21
69 AA 0 28 1 0 DCE2 0 0 3
71 69 F 8B 1 0 FF8B 0 0 3
97 1A 66 1C 0 1 1C 0 0 21
71 3D 6A 48 1 0 48 0 0 3
2 E4 A B6 1 0 FFB6 0 0 3
13 7E E F8 0 0 F8 0 0 3
F2 A8 C 2A 1 1 32 0 0 21
8 A6 1E 30 1 1 30 0 0 21
4A 1 A 18 0 0 18 0 0 3
76 94 64 4A 0 1 4B 0 0 21
45 3C D3 9A 0 1 9A 0 0 21
5 67 10 DC 1 0 FFDC 0 0 3
E 72 1B 8E 0 0 8E 0 0 3
87 CF 0 F1 1 0 171A 0 0 3
FF DE E5 FE 1 1 FFFE 0 0 21
6D 2 1 FF 1 1 D9 0 0 21
F3 99 8 DE 1 1 FFF2 0 0 21
E5 1B F B 0 0 B 0 0 3
35 F1 FE 5D 0 0 5D 0 0 3
10 2 0 4C 0 0 6C 0 0 3
BE 41 D BC 0 0 BD 0 0 3
8C 34 49 74 0 0 74 0 0 3
5 57 F 68 0 0 68 0 0 3
4F 97 D D8 0 0 D9 0 0 3
EB 6B 7 8B 1 1 FF5E 0 0 21
22 F5 9 BD 0 1 123 0 0 21
7C B4 9 6F 0 1 182 0 0 21
4F F1 4 DF 1 1 FF95 0 0 21
5 94 4 85 0 1 B3 0 0 21
39 20 E9 AC 1 0 FFAC 0 0 3
36 53 DA B3 0 1 B3 0 0 21
9D 5F 9 A9 1 1 FF35 0 0 21
92 D5 75 11 0 0 11 0 0 3
EB C4 E1 6B 1 1 6B 0 0 21
8D AA C3 FE 0 1 FE 0 0 21
41 47 66 C8 0 1 C8 0 0 21
86 B1 10 A1 0 1 FD 0 0 21
EB 48 5 90 0 1 334 0 0 21
9F 42 A4 A1 1 0 FFA1 0 0 3
F0 47 9 5C 0 0 7D 0 0 3
12 D8 E1 93 1 1 FF93 0 0 21
E2 6D C3 23 1 0 23 0 0 3
F7 CF 9 3A 0 1 2B1 0 0 21
CC C5 F C8 1 1 FFD5 0 0 21
6E 7F 8 5E 0 1 138 0 0 21
EB 14 62 95 1 1 FF95 0 0 21
E4 DC 5 4D 0 0 66C 0 0 3
3F CE 1E D7 0 1 E5 0 0 21
4 A7 FB 1F 0 0 1F 0 0 3
ED FB 7 85 1 1 FF86 0 0 21
4D F 69 B8 0 0 B8 0 0 3
4E 15 9 91 1 1 FFA5 0 0 21
80 86 F 9A 0 1 E6 0 0 21
A5 7C F B4 0 1 10E 0 0 21
20 28 46 62 0 0 62 0 0 3
CF 60 0 91 0 1 0 1 0 3
66 EC 90 90 1 1 FF90 0 0 21
B8 8A A 78 0 1 175 0 0 21
ED 63 8F 34 0 1 35 0 0 21
73 6E B2 B4 0 0 B4 0 0 3
AB E6 FC 26 0 1 26 0 0 21
9A 43 CD 87 1 0 FF87 0 0 3
37 E9 13 30 0 0 30 0 0 3
EE 60 4 8A 1 1 FF1E 0 0 21
C6 F4 E E3 0 0 E5 0 0 3
F8 90 7 55 0 1 32D 0 0 21
E0 B2 4 E1 1 1 7D 0 0 21
EE 43 4 6E 1 1 23 0 0 21
F 5 0 37 0 0 82 0 0 3
FB B7 C 99 0 1 1D7 0 0 21
AA 4A 7A 19 0 1 19 0 0 21
FE 1F A 3C 1 0 3C 0 0 3
30 4D A 37 0 1 5B 0 0 21
B3 D8 9 9A 1 0 FFA0 0 0 3
39 49 10 4A 1 1 5A 0 0 21
F7 23 C7 3F 1 1 3F 0 0 21
79 FA 8D C0 1 0 FFC0 0 0 3
9 6C 97 8B 1 0 FF8B 0 0 3
D0 F4 A C7 1 1 FFCC 0 0 21
5E 20 A C9 1 1 FFE7 0 0 21
9A 12 C9 14 1 0 14 0 0 3
3C 99 D E1 0 0 E2 0 0 3
24 DB 1 1 1 0 FD67 0 0 3
A3 C1 C4 B0 1 1 FFB0 0 0 21
57 8C C 52 1 0 50 0 0 3
3C D8 B E5 1 0 FFE4 0 0 3
EE 36 9 D 1 1 1 0 0 21
6 8A 4 A6 1 0 FF7A 0 0 3
E6 1A 2 13 0 1 5EA 0 0 21
E0 7C BE D2 0 1 D2 0 0 21
37 CD E 72 0 0 72 0 0 3
B3 A8 ED 4D 1 1 4D 0 0 21
BC 19 75 EF 0 0 EF 0 0 3
D6 21 F7 8E 1 1 FF8E 0 0 21
AB 72 11 B6 0 0 B6 0 0 3
6B 85 6 8F 0 1 21A 0 0 21
70 20 A3 5B 0 1 5B 0 0 21
AB F3 3 85 0 0 14CF 0 0 3
B3 2 29 F3 0 0 F3 0 0 3
DD E3 4 DB 1 0 1A 0 0 3
5E 96 80 71 1 1 71 0 0 21
2F F4 74 9A 0 0 9A 0 0 3
7D 1E 82 55 1 0 55 0 0 3
32 8D 5F 7A 1 1 7A 0 0 21
87 E5 B9 47 1 0 47 0 0 3
1F CB 8 91 0 1 F3 0 0 21
77 5F A C2 1 0 FFCD 0 0 3
20 4B E 7B 0 0 7B 0 0 3
46 51 E5 89 1 1 FF89 0 0 21
C8 8F E4 5B 0 1 5B 0 0 21
83 CC E5 80 1 0 FF80 0 0 3
4A 75 54 3 0 0 3 0 0 3
6E 32 58 24 0 0 24 0 0 3
B7 9F A 4D 0 0 69 0 0 3
7B EC B 63 0 1 152 0 0 21
9A 86 F 42 0 0 42 0 0 3
50 79 C D 1 1 50 0 0 21
49 C5 66 7A 1 0 7A 0 0 3
C9 99 5 43 1 0 F4 0 0 3
70 1A 36 7F 1 1 7F 0 0 21
21 51 3 AD 0 1 1D6 0 0 21
F7 B6 E BC 1 1 FFBF 0 0 21
86 8B 4 48 1 1 3C4 0 0 21
81 B1 4 49 0 1 5DC 0 0 21
8A 96 11 7D 0 0 7D 0 0 3
2A 52 F A8 0 1 B7 0 0 21
9F 23 E 44 0 0 44 0 0 3
57 B7 8 D1 1 0 FFB9 0 0 3
FD 74 10 3A 1 1 39 0 0 21
9E 3D 10 1E 0 0 1E 0 0 3
2 F0 10 8C 0 0 8C 0 0 3
47 9C C 2E 0 1 7A 0 0 21
85 A4 A8 53 0 1 53 0 0 21
6D 21 2B 5D 1 1 5E 0 0 21
B4 D1 1 84 0 0 49FE 0 0 3
8B 2D A D5 1 0 FFD0 0 0 3
3 48 0 DF 1 1 0 1 0 3
A6 D4 A9 22 1 1 22 0 0 21
42 BC 11 BA 1 0 FFBA 0 0 3
AC CF 23 9 0 0 9 0 0 3
9A 67 D 9E 1 1 FF60 0 0 21
85 4A 6 C1 1 1 FEC5 0 0 21
64 E6 1A 97 1 0 FF97 0 0 3
7F 6D E3 F0 0 0 F0 0 0 3
28 72 47 9D 0 0 9D 0 0 3
F0 3A AC E3 0 0 E3 0 0 3
DB BB A4 5B 1 1 5B 0 0 21
4C D4 C 3 0 1 72 0 0 21
0 E9 D 1E 0 1 1E 0 0 21
11 8F 9 14 1 1 FFFD 0 0 21
B6 16 90 31 0 1 31 0 0 21
62 83 FC 9 0 0 9 0 0 3
40 C2 B 3 0 1 69 0 0 21
83 2E 33 57 1 1 55 0 0 21
4B 7A B 37 0 0 3B 0 0 3
93 39 4 A4 0 0 2AF 0 0 3
A8 65 E 93 1 0 FF93 0 0 3
CA CC F 3D 1 1 49 0 0 21
E4 6E C8 D4 1 1 FFD4 0 0 21
7C B5 10 D 0 1 64 0 0 21
45 BB FD 81 0 0 81 0 0 3
F0 4 26 FE 0 0 FE 0 0 3
BB DF 8 EA 1 0 FFF2 0 0 3
E3 87 C 8D 0 1 161 0 0 21
B6 5F F B9 0 1 105 0 0 21
54 AD 1 D0 1 0 F232 0 0 3
B0 F1 8 4B 1 1 5D 0 0 21
35 6C E9 33 1 0 33 0 0 3
83 E7 1E DE 1 1 FFE1 0 0 21
87 DA 17 A9 0 0 A9 0 0 3
EB 40 AA 56 0 0 56 0 0 3
4A F1 A 17 1 1 C 0 0 21
9C B7 1F E8 1 1 FFEF 0 0 21
EB 2E F 68 1 1 64 0 0 21
14 CE A9 A 1 0 A 0 0 3
83 44 E 8B 1 1 FF60 0 0 21
3F 70 9B 45 0 0 45 0 0 3
7 74 F1 80 0 0 80 0 0 3
3B DB D A0 0 0 A1 0 0 3
F5 37 A F8 1 0 FFF8 0 0 3
90 4E 86 DF 0 1 DF 0 0 21
F4 2D 4 F3 0 1 3A1 0 0 21
7E 1A 28 6C 1 0 6C 0 0 3
6 8F 10 D8 0 1 DB 0 0 21
52 C9 5 22 1 1 FF6E 0 0 21
C9 F8 DB F5 1 0 FFF5 0 0 3
4C FB E F1 1 1 FFF0 0 0 21
49 FB 2 B5 1 1 FF5A 0 0 21
81 A5 2D 6F 0 0 6F 0 0 3
AB D4 A6 CF 0 1 D0 0 0 21
3E C4 E E4 0 0 E4 0 0 3
9A F8 C2 E0 0 1 E1 0 0 21
54 99 84 D1 1 1 FFD1 0 0 21
CB 2E C FD 0 1 13D 0 0 21
FB 21 1 2C 1 1 FF87 0 0 21
15 27 56 B 0 1 B 0 0 21
B8 B8 A2 3C 1 1 3C 0 0 21
68 38 7B 34 0 1 34 0 0 21
FA A5 81 B3 1 0 FFB3 0 0 3
C2 BE B1 9C 0 1 9D 0 0 21
85 6C B7 F4 1 0 FFF4 0 0 3
EB AC D 67 0 1 156 0 0 21
C6 B3 7 B1 0 1 384 0 0 21
BD 27 69 1A 0 1 1A 0 0 21
4 2F 1 44 1 1 100 0 0 21
6F 66 45 84 1 0 FF84 0 0 3
BE 2F 1 13 1 1 F3F5 0 0 21
59 22 5 59 1 1 D2 0 0 21
D0 B1 7B C9 0 0 C9 0 0 3
2 A2 92 C0 0 1 C0 0 0 21
89 34 68 1E 0 1 1E 0 0 21
28 57 7E 49 0 1 49 0 0 21
B5 D0 6 FD 1 0 35 0 0 3
9B 17 DB 2E 1 1 2E 0 0 21
D4 4C 18 12 0 1 2D 0 0 21
F7 BD C FE 0 1 242 0 0 21
40 4 B A6 0 1 A8 0 0 21
C1 93 53 23 1 0 23 0 0 3
23 3D A1 B8 0 0 B8 0 0 3
41 52 A9 58 1 1 58 0 0 21
D 54 63 C4 0 1 C4 0 0 21
61 D 31 BA 0 1 BA 0 0 21
A4 F1 27 23 0 0 23 0 0 3
E8 EB 0 3 0 0 D4FB 0 0 3
29 A CC 59 0 0 59 0 0 3
BD 32 EE 77 1 1 77 0 0 21
86 CD 1 80 0 1 6BCE 0 0 21
BD 11 8F A9 0 1 A9 0 0 21
CF 41 C 43 1 1 2D 0 0 21
8D B2 0 3A 0 0 6244 0 0 3
CA 43 5 9A 1 1 FF0A 0 0 21
CE 40 89 20 1 0 20 0 0 3
E2 4C 9 3C 1 0 38 0 0 3
65 EE 8E 72 0 1 73 0 0 21
BA F5 27 8A 0 0 8A 0 0 3
DE EE 83 C3 1 0 FFC3 0 0 3
2D ED A0 8B 0 0 8B 0 0 3
EF 1E B 64 0 0 67 0 0 3
7E 9C 4 5F 1 0 FD4C 0 0 3
C0 65 8 DB 1 0 FFC2 0 0 3
9E 54 1 A8 1 1 DF80 0 0 21
46 DE 55 87 0 1 89 0 0 21
D0 28 3 C8 0 1 464 0 0 21
6C A3 C7 61 1 0 61 0 0 3
7E 4D 3 6F 1 1 4A5 0 0 21
84 3C 5 4B 0 0 142 0 0 3
92 9 D 42 1 0 42 0 0 3
38 11 53 41 0 0 41 0 0 3
1A 21 6 A1 0 1 B8 0 0 21
72 73 F D4 0 1 10E 0 0 21
37 A4 D F1 1 1 FFD4 0 0 21
53 54 DF CB 0 0 CB 0 0 3
BD 8B F 44 1 0 44 0 0 3
D2 7E F CF 0 0 CF 0 0 3
12 D5 C3 F4 0 1 F4 0 0 21
A6 D 8B 94 0 0 94 0 0 3
A 8A 3 F3 0 1 18C 0 0 21
42 B2 C0 35 1 1 35 0 0 21
9E BF 12 12 0 0 12 0 0 3
9C 11 C DB 1 0 FFDB 0 0 3
C1 29 96 B8 1 1 FFB8 0 0 21
D D3 24 62 1 0 62 0 0 3
54 93 D2 10 1 0 10 0 0 3
34 1C 98 8E 0 0 8E 0 0 3
F5 E3 82 D2 0 1 D5 0 0 21
8 A0 7 F8 0 0 102 0 0 3
4A D2 98 FF 0 1 FF 0 0 21
5B 46 1 94 0 1 1976 0 0 21
1C 32 BD F8 0 0 F8 0 0 3
F1 51 F 22 0 1 78 0 0 21
B5 4 0 F4 0 0 3C8 0 0 3
94 AC 2B 9D 0 1 AA 0 0 21
A2 95 1 93 0 1 5EDD 0 0 21
4F 6 11 5B 0 1 5C 0 0 21
64 1A 4 E1 1 1 83 0 0 21
D FB 1 AE 0 0 70D 0 0 3
C6 11 6 E6 0 1 143 0 0 21
94 16 96 F7 1 0 FFF7 0 0 3
62 3A 78 E9 0 0 E9 0 0 3
66 58 7 CF 0 0 115 0 0 3
D1 E2 D B9 0 0 BE 0 0 3
33 81 9 2F 1 1 FFE0 0 0 21
D5 74 0 28 0 1 0 1 0 3
2B E4 84 E6 1 0 FFE6 0 0 3
84 5A 76 29 1 1 29 0 0 21
B3 90 A F5 1 0 FFFD 0 0 3
2B 35 CC B4 0 0 B4 0 0 3
7C 12 33 D2 0 1 D2 0 0 21
F7 19 9 4B 1 1 49 0 0 21
26 43 3 60 0 1 17A 0 0 21
AD 56 48 64 0 1 66 0 0 21
D6 1A 0 1F 0 0 15DB 0 0 3
5E 1 B 81 0 0 81 0 0 3
18 F A 41 1 1 44 0 0 21
4C FA 52 E8 1 0 FFE8 0 0 3
90 36 E 22 0 0 22 0 0 3
EB E5 2 85 1 1 12 0 0 21
35 6E F 78 1 1 91 0 0 21
89 E0 69 F 0 1 11 0 0 21
13 B5 B A0 1 1 FF95 0 0 21
4D 31 7 41 0 1 8E 0 0 21
DA 18 52 6D 1 1 6D 0 0 21
D9 C7 10 8F 0 1 137 0 0 21
B9 17 D 67 0 1 80 0 0 21
B0 4E B6 37 1 0 37 0 0 3
58 3E 7 B 0 1 7A 0 0 21
93 E6 4 C6 0 1 907 0 0 21
26 84 4 6 0 1 13F 0 0 21
19 69 34 C8 1 1 FFC8 0 0 21
F5 33 9 7E 1 1 78 0 0 21
8 6D E2 DA 0 0 DA 0 0 3
45 4C 55 12 1 1 12 0 0 21
9 5E C 40 1 0 40 0 0 3
90 70 1 B5 0 0 2035 0 0 3
F 1E 6C 10 0 1 10 0 0 21
F7 E1 0 3A 0 1 0 1 0 3
C4 BE D D4 0 0 D8 0 0 3
FB D5 8 D0 1 0 FFD0 0 0 3
2 AC 23 53 1 0 53 0 0 3
1E 1B C 6B 1 0 6B 0 0 3
7 B2 2 D4 0 1 20B 0 0 21
79 46 3A 87 1 1 FF89 0 0 21
66 84 E C1 0 0 C1 0 0 3
1B 47 6 4 0 1 39 0 0 21
60 35 11 71 0 0 71 0 0 3
26 D4 D7 84 1 0 FF84 0 0 3
5D E6 76 3 0 0 3 0 0 3
E 9E E 51 1 1 4A 0 0 21
91 7E 76 7C 1 1 7B 0 0 21
73 76 E4 7E 0 1 7E 0 0 21
28 5A 25 B0 1 1 FFB2 0 0 21
D0 94 88 6E 0 1 6F 0 0 21
DD 98 C 92 1 0 FF92 0 0 3
86 12 D 2B 0 1 39 0 0 21
6 49 A8 B8 0 0 B8 0 0 3
8C 87 C 85 0 0 89 0 0 3
F6 F1 F1 B3 1 0 FFB3 0 0 3
FE E8 89 D4 1 1 FFD4 0 0 21
ED D7 B 5D 1 1 63 0 0 21
28 8A E 43 1 1 2B 0 0 21
81 1C 5 ED 0 1 17D 0 0 21
53 FC D6 5D 1 0 5D 0 0 3
3C 9 1F 6B 0 1 6B 0 0 21
71 E7 A6 54 0 1 54 0 0 21
9F FA 1 81 0 0 4E24 0 0 3
8E 7E C 1B 1 1 FFB8 0 0 21
17 41 5 99 1 0 FFC7 0 0 3
78 C5 E9 A1 1 1 FFA1 0 0 21
F9 96 3 B8 1 1 A 0 0 21
C8 35 CA 61 0 0 61 0 0 3
DC F 4 E4 1 0 FFC3 0 0 3
D3 AB D6 26 1 1 26 0 0 21
7B DB EB 1C 1 0 1C 0 0 3
FE 76 10 CF 0 0 CF 0 0 3
AB 3F 1 CC 1 1 EAE1 0 0 21
F8 73 D 15 1 1 10 0 0 21
D9 F6 1 C8 0 1 D14E 0 0 21
37 88 74 59 0 0 59 0 0 3
E4 FE D4 A 1 1 A 0 0 21
A5 D9 E D1 0 1 187 0 0 21
A5 8C 3 A8 1 0 4CF 0 0 3
7E F3 3B 5A 0 1 62 0 0 21
4C 27 F 2C 0 1 39 0 0 21
5D 11 FB 2C 0 0 2C 0 0 3
FF 13 5 59 0 0 F0 0 0 3
26 CB A2 AE 1 1 FFAE 0 0 21
19 DF 11 B1 0 0 B1 0 0 3
3B 5F 70 58 0 0 58 0 0 3
4E 36 81 B0 1 0 FFB0 0 0 3
31 E3 2 20 1 0 FEBD 0 0 3
81 C4 F D8 0 1 148 0 0 21
65 F4 D6 E5 1 1 FFE5 0 0 21
5 E2 A6 16 0 0 16 0 0 3
69 42 F 9C 0 0 9C 0 0 3
2D 8C 4E 51 0 1 52 0 0 21
35 8 E 67 0 1 69 0 0 21
27 16 4 39 0 0 6E 0 0 3
BF 4A 1D 1 1 1 FFFC 0 0 21
6F D3 7B 91 0 0 91 0 0 3
14 A8 2 C8 0 1 410 0 0 21
3F 53 1A 70 1 0 70 0 0 3
A9 2D 7 DB 0 0 116 0 0 3
AE B2 DB 83 0 1 83 0 0 21
67 83 D 6A 0 0 6B 0 0 3
24 6C A BD 0 0 C0 0 0 3
D0 C6 C 6D 1 0 6D 0 0 3
A5 FF 8A FD 1 1 FFFD 0 0 21
6C 1F 80 6A 1 0 6A 0 0 3
C3 D8 F 53 1 0 53 0 0 3
D5 7C A 30 0 1 138 0 0 21
2D 79 46 18 1 1 19 0 0 21
B4 79 10 EF 0 1 144 0 0 21
AB 31 C 61 0 1 9B 0 0 21
AC 3 5B 2E 1 1 2E 0 0 21
E5 8E F2 23 1 1 23 0 0 21
A4 E0 6 41 1 1 92 0 0 21
2A 31 6B E0 0 0 E0 0 0 3
A1 2E DC 4F 0 1 4F 0 0 21
5 84 44 59 0 1 59 0 0 21
25 6 C1 89 1 0 FF89 0 0 3
A1 D1 5 AF 0 1 5F0 0 0 21
A C6 8E C3 0 0 C3 0 0 3
2D 61 D3 20 0 0 20 0 0 3
2C 1A 4 6C 0 1 B3 0 0 21
93 A8 35 19 1 1 1C 0 0 21
F5 84 F ED 1 0 FFED 0 0 3
86 FD C3 C5 1 0 FFC5 0 0 3
9E D7 9A 22 1 1 22 0 0 21
B3 B9 11 63 1 0 63 0 0 3
DB D2 30 5A 1 1 5A 0 0 21
29 29 E A3 1 0 FFA3 0 0 3
38 76 3 1 1 0 33B 0 0 3
A2 5D 8 FB 0 0 135 0 0 3
3C 5A 44 20 1 0 20 0 0 3
EA 1A B 24 0 1 56 0 0 21
E7 88 A1 EE 1 1 FFEE 0 0 21
FE A4 7 66 1 1 69 0 0 21
AF 4F 7B 64 1 1 64 0 0 21
51 DE 1 2E 0 0 234D 0 0 3
15 AB AF 87 0 0 87 0 0 3
27 74 D 78 1 1 92 0 0 21
56 9E 2 3D 0 0 D82 0 0 3
BF DC 0 34 1 1 0 1 0 3
6F C3 E C5 0 1 133 0 0 21
51 5A 3B 98 1 0 FF98 0 0 3
33 2C C 17 0 0 17 0 0 3
43 EB 20 85 1 0 FF85 0 0 3
70 6B D1 29 0 1 29 0 0 21
0 FC 4 50 0 0 50 0 0 3
86 25 D1 83 1 0 FF83 0 0 3
4C 42 8 2E 1 1 7C 0 0 21
D7 F2 CA 5C 1 1 5C 0 0 21
D4 4F C 17 1 0 17 0 0 3
81 61 0 9D 0 0 317E 0 0 3
53 8F 6 A3 0 1 1EC 0 0 21
1A 8B C 99 1 1 FF84 0 0 21
5 82 B 5D 0 1 62 0 0 21
8 B2 D7 EF 0 1 EF 0 0 21
C2 A9 5 DA 0 0 4DA 0 0 3
BC 9 F0 94 1 0 FF94 0 0 3
E3 CD 11 8D 0 1 12E 0 0 21
ED 3F F3 D5 1 0 FFD5 0 0 3
14 92 2A 7B 0 0 7B 0 0 3
45 52 D D9 1 0 FFD9 0 0 3
F8 39 B5 C6 1 0 FFC6 0 0 3
DA 46 E C 0 1 59 0 0 21
46 B6 4 56 0 0 372 0 0 3
39 F5 4 1F 1 1 FFF8 0 0 21
69 F9 9 FD 1 0 FFFC 0 0 3
90 8B 3C 3F 0 0 3F 0 0 3
71 6E 9 3F 1 1 D8 0 0 21
D6 C1 7D 95 1 1 FF95 0 0 21
E7 BF F 23 1 0 23 0 0 3
54 AD C6 F0 1 1 FFF0 0 0 21
15 7B 5 2 1 1 69 0 0 21
90 A3 86 1A 0 0 1A 0 0 3
D8 3B 3 89 0 1 611 0 0 21
8F E C6 67 0 1 67 0 0 21
6B F4 C6 B8 1 0 FFB8 0 0 3
72 D0 41 78 1 1 77 0 0 21
20 5 10 8F 0 1 8F 0 0 21
14 61 1 11 0 1 7A5 0 0 21
4E BF A6 3A 1 1 3A 0 0 21
A1 D2 1 5E 0 1 8470 0 0 21
7B 97 E0 83 1 0 FF83 0 0 3
C BB 11 3 0 1 A 0 0 21
DA B5 1 42 0 0 4D53 0 0 3
E5 8A A 3 0 1 13F 0 0 21
14 E1 A7 A2 0 1 A2 0 0 21
2C 46 6 E7 1 1 3C 0 0 21
1B 9F 5 F3 1 0 FFA2 0 0 3
B1 7A 0 7A 0 0 54D4 0 0 3
25 AF D 85 1 1 FF74 0 0 21
59 7D 6 EB 0 1 220 0 0 21
D 78 D EC 0 1 F5 0 0 21
99 E5 B 3C 1 0 3D 0 0 3
F2 23 73 40 1 0 40 0 0 3
34 D5 4 53 1 0 FFC8 0 0 3
D9 E9 C5 C6 0 0 C6 0 0 3
6D 4F F 6 0 1 2C 0 0 21
CF FC 5 8B 1 1 FF92 0 0 21
33 E9 F 16 0 1 4A 0 0 21
CA 85 5 2B 1 0 FA 0 0 3
71 5 5B 1A 0 1 1A 0 0 21
90 7B D F4 1 1 FFA3 0 0 21
26 ED CF D0 0 1 D0 0 0 21
C9 73 F 4B 1 1 2F 0 0 21
70 CC 63 4F 0 0 4F 0 0 3
FD CF 7C 9F 0 0 9F 0 0 3
72 F5 3 60 1 0 FFC4 0 0 3
25 B8 7F A1 1 1 FFA1 0 0 21
FB 19 B 6 1 1 5 0 0 21
F4 58 8 8F 0 0 E2 0 0 3
54 24 C1 77 1 0 77 0 0 3
E A8 0 6 1 0 FB36 0 0 3
6D D4 11 80 1 0 FF80 0 0 3
8C 5C 9E A0 0 0 A0 0 0 3
52 E2 C6 B7 1 0 FFB7 0 0 3
15 64 F 52 1 0 52 0 0 3
F6 3 0 B6 1 1 0 1 0 3
A1 71 3 82 1 0 FA45 0 0 3
D2 A2 11 17 0 0 17 0 0 3
19 1B 6 2 0 0 C 0 0 3
16 D1 5 BB 1 1 FF92 0 0 21
A3 D8 C9 DB 0 0 DB 0 0 3
CA FD D 9B 0 1 1C9 0 0 21
52 59 5E B9 1 1 FFB9 0 0 21
8F 82 52 9C 0 1 9E 0 0 21
5A D6 32 8B 1 0 FF8B 0 0 3
F 4F 3 7B 0 0 10F 0 0 3
CF 25 79 80 1 0 FF80 0 0 3
96 7F 1 74 1 0 E629 0 0 3
59 D4 C1 1C 0 0 1C 0 0 3
1A B8 1 4D 1 1 F8FD 0 0 21
5E 14 1 DE 1 1 736 0 0 21
7E F5 5 D9 1 1 FFA2 0 0 21
2A 1E 5 EA 0 1 11C 0 0 21
49 59 CF 3E 1 0 3E 0 0 3
77 59 8 EA 1 0 13 0 0 3
F6 C0 1B 17 0 0 17 0 0 3
57 D6 E 4E 0 1 AC 0 0 21
4F 4D 1 28 0 1 17EB 0 0 21
17 35 40 53 0 0 53 0 0 3
35 E3 F 22 0 1 57 0 0 21
F4 91 2E 42 1 0 42 0 0 3
ED 83 B5 2F 0 0 2F 0 0 3
1F 1D F 17 1 1 1A 0 0 21
A0 4D A0 D8 1 0 FFD8 0 0 3
85 96 F2 42 1 0 42 0 0 3
22 EA 8 EE 0 1 16A 0 0 21
60 A2 9 85 0 0 A3 0 0 3
43 A2 8B 36 0 0 36 0 0 3
71 C5 3 41 0 1 9EA 0 0 21
92 FB 7D 7F 0 1 81 0 0 21
E4 18 3 25 0 0 2D1 0 0 3
FB D7 8 8C 0 1 3D7 0 0 21
C 80 21 F4 0 1 F5 0 0 21
E2 77 5 3E 0 0 386 0 0 3
F7 8 D 63 0 0 63 0 0 3
E5 CF 91 65 1 1 65 0 0 21
B9 C5 7B 30 0 0 30 0 0 3
A8 C7 2 2F 0 1 20D5 0 0 21
39 9E E D8 0 0 D8 0 0 3
5E 34 1 61 1 0 9ED 0 0 3
11 B3 D F5 0 0 F5 0 0 3
B7 B3 E B 0 0 C 0 0 3
2C 36 1A A5 0 1 A8 0 0 21
44 98 3 CD 0 1 549 0 0 21
D7 61 C 8C 0 1 11C 0 0 21
39 CB B6 A2 1 1 FFA2 0 0 21
96 8B 6 2E 1 1 186 0 0 21
AC 7E 4 EC 1 1 FD57 0 0 21
8A EE BF B0 0 0 B0 0 0 3
87 6A 9 63 0 1 113 0 0 21
3E 9E D8 F4 0 0 F4 0 0 3
CC F0 A7 B4 1 0 FFB4 0 0 3
3D A4 10 97 1 1 FF82 0 0 21
50 E3 4 6B 0 1 4DA 0 0 21
AF 40 A4 8F 1 0 FF8F 0 0 3
41 FF EF 82 1 1 FF82 0 0 21
FE 32 1 B 0 1 31A7 0 0 21
82 FD 47 36 1 1 36 0 0 21
36 8C A A7 0 0 AE 0 0 3
35 B7 C CC 1 0 FFCC 0 0 3
F5 CD 7 C6 1 1 FFD1 0 0 21
98 2C C AC 0 1 DA 0 0 21
A5 A1 5E 35 1 0 35 0 0 3
EE 1 1C 3A 1 1 3A 0 0 21
B7 FD BD C7 1 0 FFC7 0 0 3
2C 51 20 29 0 0 29 0 0 3
B5 D4 86 B 1 1 B 0 0 21
FB B3 9 68 1 0 68 0 0 3
DC 53 2 48 1 1 FD5D 0 0 21
EE 1A 60 DF 1 1 FFDF 0 0 21
BD CC 4 52 0 1 9BB 0 0 21
39 A0 EF FD 1 0 FFFD 0 0 3
F0 47 EF 34 1 0 34 0 0 3
38 57 CF EF 0 1 EF 0 0 21
54 53 1 31 0 0 DCF 0 0 3
D2 51 5 1E 0 1 2C6 0 0 21
5D 13 4 E3 1 0 51 0 0 3
54 31 94 11 1 1 11 0 0 21
62 18 56 60 1 0 60 0 0 3
D 9D EA 3F 1 0 3F 0 0 3
9A E0 8A F8 1 1 FFF8 0 0 21
BD F1 0 AB 0 0 B298 0 0 3
B3 8 3E A7 1 1 FFA7 0 0 21
7 C8 5 62 0 1 9A 0 0 21
A2 33 CA BC 1 0 FFBC 0 0 3
89 3E B A7 0 0 AB 0 0 3
BB D2 4 2 0 0 998 0 0 3
FD 34 2D B2 1 1 FFB2 0 0 21
F7 CE 6 BF 1 1 FFCB 0 0 21
FA B7 4 A3 0 0 BCE 0 0 3
B8 77 11 CF 1 0 FFCF 0 0 3
F8 80 C7 63 1 0 63 0 0 3
30 B7 B 39 0 1 81 0 0 21
2 6B 55 90 0 0 90 0 0 3
12 1F E4 ED 0 0 ED 0 0 3
66 81 A0 70 0 0 70 0 0 3
E6 67 1D DD 0 0 DD 0 0 3
77 1 9 5F 1 0 5F 0 0 3
8F CB 66 35 1 0 35 0 0 3
54 60 78 F4 0 0 F4 0 0 3
5A 57 3 A8 1 0 37A 0 0 3
45 8F 1 AE 1 1 E139 0 0 21
BF 80 5 3A 1 0 13E 0 0 3
19 CE 7A 4 0 1 4 0 0 21
B6 38 CE E6 1 1 FFE6 0 0 21
48 32 8 49 0 1 81 0 0 21
91 5A 8 60 1 0 39 0 0 3
3A 2A 70 E 1 1 E 0 0 21
A1 78 11 4 1 0 4 0 0 3
CE 9E 10 2A 0 1 A9 0 0 21
5 C D8 EF 0 0 EF 0 0 3
57 44 91 86 1 0 FF86 0 0 3
F 48 CD 6B 1 0 6B 0 0 3
82 6B 8 19 1 1 FF47 0 0 21
4D 8 3F 7C 1 1 7C 0 0 21
88 98 C4 DA 0 1 DA 0 0 21
6 71 5 4F 0 1 6A 0 0 21
21 F9 F9 36 0 0 36 0 0 3
B1 B1 A0 D7 0 1 D8 0 0 21
59 A1 8C 2F 0 0 2F 0 0 3
5F C5 17 CB 1 0 FFCB 0 0 3
F9 E1 F B0 0 0 B1 0 0 3
82 2C 72 D3 1 0 FFD3 0 0 3
76 D5 A1 5C 0 0 5C 0 0 3
17 9 B3 1F 0 0 1F 0 0 3
A8 26 6 BC 0 0 11F 0 0 3
71 A6 A9 A2 0 1 A2 0 0 21
2E 6B C 89 1 0 FF8A 0 0 3
A6 98 76 C2 1 1 FFC2 0 0 21
64 81 6A 41 0 1 42 0 0 21
E5 8 E 69 0 1 72 0 0 21
19 D0 B 78 1 1 6F 0 0 21
31 C1 FB 8E 1 1 FF8E 0 0 21
C2 FC 79 21 0 1 24 0 0 21
5A 7D 1 DA 0 1 2CCC 0 0 21
29 80 89 7E 0 1 7E 0 0 21
5B 4D 67 F8 1 0 FFF8 0 0 3
22 80 42 D3 1 0 FFD3 0 0 3
6 C6 8 A3 1 1 FF9E 0 0 21
8E 5F 4 72 0 0 3BD 0 0 3
78 CB 11 71 1 0 71 0 0 3
F2 CE 5 75 1 1 91 0 0 21
F5 83 E 0 0 1 A3 0 0 21
E9 57 DA 2A 0 0 2A 0 0 3
2D E FD F7 1 1 FFF7 0 0 21
E7 D8 2 3A 0 0 30F4 0 0 3
B6 57 5 26 1 0 FF5D 0 0 3
3B 6C 4 22 1 1 1B0 0 0 21
6F FF 84 89 0 1 8A 0 0 21
36 2B F9 DE 0 1 DE 0 0 21
ED 8F 17 91 0 0 91 0 0 3
32 32 98 43 0 1 43 0 0 21
BD 79 0 44 0 0 5999 0 0 3
9A 4 1D 56 1 0 56 0 0 3
A1 A3 8C C9 1 0 FFC9 0 0 3
EA 6A 8 F3 0 1 276 0 0 21
52 99 D 98 0 0 99 0 0 3
B 83 82 58 1 1 58 0 0 21
90 AA 9 F6 0 1 224 0 0 21
20 46 96 7F 0 1 7F 0 0 21
5A 48 B B0 0 1 E5 0 0 21
D3 C0 E3 13 0 0 13 0 0 3
C4 21 9B 45 1 1 45 0 0 21
47 71 2A 38 0 0 38 0 0 3
D9 F3 AA E0 1 0 FFE0 0 0 3
77 2A 73 34 0 1 34 0 0 21
7E 78 D 5 0 1 5E 0 0 21
B9 64 6 18 0 1 219 0 0 21
A0 EF 8 6A 1 0 70 0 0 3
43 2F F 9A 0 0 9A 0 0 3
87 84 38 82 1 0 FF82 0 0 3
FD 98 77 AE 1 1 FFAE 0 0 21
56 1 DE 45 1 0 45 0 0 3
44 F9 C8 DB 1 1 FFDB 0 0 21
6F EE F 62 1 1 5A 0 0 21
59 1B 3 FB 1 0 127 0 0 3
7B 79 8 D0 1 0 A 0 0 3
20 97 C2 85 0 1 85 0 0 21
77 D9 7 9E 1 0 FF7A 0 0 3
12 A8 3 85 0 1 1D5 0 0 21
56 BB 11 83 0 0 83 0 0 3
5B 77 A2 77 1 1 77 0 0 21
E2 F1 59 57 0 0 57 0 0 3
AE 96 E2 7B 0 0 7B 0 0 3
3B D1 4 35 0 0 337 0 0 3
B4 8D E6 B8 1 0 FFB8 0 0 3
42 4A 10 85 0 1 98 0 0 21
79 80 1E 30 1 1 1F 0 0 21
E2 C2 3C 55 0 0 55 0 0 3
B2 F1 D AE 1 0 FFAE 0 0 3
56 53 70 82 1 0 FF82 0 0 3
37 D9 E0 5D 0 1 5D 0 0 21
91 BC F4 4 1 0 4 0 0 3
4 F4 31 80 1 0 FF80 0 0 3
E6 22 5E 4D 1 1 4D 0 0 21
13 84 0 D2 0 0 A9E 0 0 3
39 E8 8 6E 1 0 69 0 0 3
A6 91 9 2E 1 0 41 0 0 3
1A 6B C EE 1 1 1 0 0 21
15 7F 4 7F 1 1 125 0 0 21
C7 92 7 2E 1 0 5E 0 0 3
90 CE 0 A3 1 0 1583 0 0 3
F5 34 5 83 0 1 280 0 0 21
42 F5 9B F 0 1 F 0 0 21
81 BA A 96 0 1 185 0 0 21
58 C3 4 E5 0 0 515 0 0 3
7D AA 76 B6 0 1 B7 0 0 21
A9 81 1 46 1 0 15DA 0 0 3
93 F6 11 AE 0 0 AE 0 0 3
5A DE D 73 1 1 61 0 0 21
D4 B5 85 D2 0 0 D2 0 0 3
3 15 F DE 0 0 DE 0 0 3
F5 93 5 54 0 0 4B9 0 0 3
88 DD 6 5A 0 1 39C 0 0 21
CC F1 9 D7 1 1 FFE0 0 0 21
55 97 D2 10 1 1 10 0 0 21
21 84 F F4 0 1 107 0 0 21
B8 F6 9E E8 1 0 FFE8 0 0 3
12 6A 64 D4 0 0 D4 0 0 3
B2 1D 43 91 1 1 FF91 0 0 21
C6 7B 2C 4 0 0 4 0 0 3
EA 39 8 50 1 1 3D 0 0 21
4F 15 E 17 1 1 1F 0 0 21
EF A0 E A0 0 1 163 0 0 21
6D 30 85 3A 1 1 3A 0 0 21
B6 F3 B7 70 1 0 70 0 0 3
16 F4 5 22 0 0 C9 0 0 3
43 16 4B 9 0 0 9 0 0 3
0 F3 0 40 0 1 0 1 0 3
65 2B 10 DA 1 0 FFDA 0 0 3
9E 88 FB 53 0 0 53 0 0 3
AC 85 37 52 1 0 52 0 0 3
B5 62 D8 C0 0 0 C0 0 0 3
81 37 B6 55 0 0 55 0 0 3
67 AE 10 83 0 1 C9 0 0 21
BA AE 9 73 0 1 202 0 0 21
85 F2 DF E5 1 0 FFE5 0 0 3
9F AE 4 F8 0 0 7B9 0 0 3
B 8D D 28 1 0 28 0 0 3
F2 ED 7E 9E 0 1 A1 0 0 21
AE 58 CC 9 0 0 9 0 0 3
E2 36 44 34 1 1 34 0 0 21
B1 20 77 78 0 1 78 0 0 21
81 C5 5 E7 1 1 112 0 0 21
1F 57 46 B1 0 0 B1 0 0 3
B1 74 12 56 0 1 95 0 0 21
88 B2 60 C8 1 1 FFC9 0 0 21
4D A0 6 41 0 1 197 0 0 21
D0 3F 7 6E 1 1 31 0 0 21
D5 3E 4 5D 0 0 396 0 0 3
72 BE 1 D4 1 0 F122 0 0 3
E2 77 9D A5 0 1 A6 0 0 21
51 F2 2C AC 1 1 FFAC 0 0 21
F2 CC 4 9B 0 1 CA8 0 0 21
59 2C 3 7C 1 0 265 0 0 3
28 A 9 FB 0 0 FB 0 0 3
3C E8 A 49 0 1 D4 0 0 21
8D EA 0 62 1 0 A44 0 0 3
3D 6 FF 7A 0 0 7A 0 0 3
8A C7 9D 4A 1 0 4A 0 0 3
57 2F 20 5D 1 1 60 0 0 21
E4 9F 4 8 0 1 8E1 0 0 21
A7 3E 30 72 0 0 72 0 0 3
37 AA 8 7D 1 1 34 0 0 21
6F C1 9 71 1 0 64 0 0 3
7E 65 E 8E 0 1 CE 0 0 21
D1 28 5 50 1 1 5 0 0 21
0 84 2E DE 1 1 FFDE 0 0 21
44 95 77 5F 0 1 5F 0 0 21
DF 59 36 78 0 1 7E 0 0 21
94 49 18 A1 0 1 B3 0 0 21
9F 1C 8 9 0 0 1A 0 0 3
94 BD 5F CA 0 1 CD 0 0 21
3B 7D 0 D0 1 0 1C9F 0 0 3
E4 BC 33 EC 1 1 FFEC 0 0 21
3 99 0 E 1 1 0 1 0 3
9D 5E 71 8D 0 1 8E 0 0 21
A0 92 F5 48 1 0 48 0 0 3
A3 1F 10 70 0 1 83 0 0 21
9 BF 41 1D 1 0 1D 0 0 3
7C 92 10 D 1 0 D 0 0 3
38 E4 B9 A5 0 0 A5 0 0 3
74 73 9 31 1 1 D5 0 0 21
98 3B 5 B5 0 1 21B 0 0 21
7B 7F 43 3B 1 0 3B 0 0 3
97 76 D9 5D 0 0 5D 0 0 3
5F AA B 80 1 0 FF7D 0 0 3
8D 32 7 D 0 0 44 0 0 3
84 48 49 B9 0 1 BA 0 0 21
CF A9 87 41 0 0 41 0 0 3
CB 47 1F E 1 1 B 0 0 21
36 47 74 A4 0 0 A4 0 0 3
9C D4 0 12 0 0 8142 0 0 3
1F 15 0 37 1 0 2C2 0 0 3
D2 42 32 2A 1 1 29 0 0 21
4D 1A E0 9F 0 0 9F 0 0 3
43 BD 2F 99 1 0 FF99 0 0 3
AB AD 78 5C 1 1 5C 0 0 21
C9 37 11 2C 1 1 22 0 0 21
31 A 18 2F 0 0 2F 0 0 3
2D D2 3F 96 1 0 FF96 0 0 3
5D 98 7 C7 0 1 1E7 0 0 21
15 95 5 3E 0 0 9F 0 0 3
5F 90 10 D4 0 0 D4 0 0 3
29 2E 87 5A 0 0 5A 0 0 3
BD FE BB 21 1 0 21 0 0 3
1E 8 72 3E 1 0 3E 0 0 3
A6 C4 0 DA 0 1 0 1 0 3
AB 40 1 77 0 1 2B37 0 0 21
51 33 11 E 1 1 1C 0 0 21
10 62 B6 15 0 0 15 0 0 3
CC C4 C 5A 1 0 5A 0 0 3
7D BF C 36 0 0 3B 0 0 3
11 EF 11 1 0 0 1 0 0 3
C6 FB A4 80 0 1 81 0 0 21
7A 66 E7 F 0 1 F 0 0 21
16 88 D A6 1 1 FF97 0 0 21
C2 5B 0 FA 1 1 0 1 0 3
D 17 C6 52 0 0 52 0 0 3
14 6B 11 43 1 1 4A 0 0 21
BE C7 6 EC 1 1 54 0 0 21
89 6E C0 D4 1 1 FFD4 0 0 21
90 10 70 9F 1 1 FF9F 0 0 21
E5 75 1 56 0 0 34AA 0 0 3
A 7A 99 61 0 1 61 0 0 21
20 40 7 4D 1 1 76 0 0 21
C1 2 CB 87 0 1 87 0 0 21
E3 7E 3 21 0 1 C8B 0 0 21
AB E9 11 84 1 0 FF84 0 0 3
17 C2 49 21 1 0 21 0 0 3
A1 AC E E3 1 1 B 0 0 21
16 F4 1 E8 1 0 FF64 0 0 3
D9 58 5 B4 1 1 FF2B 0 0 21
E9 DF 35 8C 1 0 FF8C 0 0 3
5C 2E F B9 0 1 CB 0 0 21
DE E5 4C 47 1 0 47 0 0 3
4F E5 EF 6D 0 0 6D 0 0 3
E6 A0 A D6 1 0 FFD8 0 0 3
A3 DA D3 CD 1 0 FFCD 0 0 3
9C FD 7 58 0 1 37D 0 0 21
3B 92 7 CD 1 0 FF9B 0 0 3
52 E 0 3A 0 1 0 1 0 3
F5 89 92 3E 1 0 3E 0 0 3
A1 ED F CA 0 0 CB 0 0 3
9B 26 77 4C 1 0 4C 0 0 3
E3 F E B7 0 0 B7 0 0 3
16 64 2E 2D 0 0 2D 0 0 3
EE 85 D4 1A 1 1 1A 0 0 21
DA 29 5D 24 0 1 25 0 0 21
5D 0 1B 67 1 1 67 0 0 21
79 70 F8 B7 0 1 B7 0 0 21
E8 79 9 8E 1 0 FF89 0 0 3
BC 32 3 1 1 1 FE88 0 0 21
D3 84 F2 BF 1 1 FFBF 0 0 21
FA 58 C 48 1 0 48 0 0 3
5A CD A9 D1 1 0 FFD1 0 0 3
DB E4 B 4 0 0 1C 0 0 3
5E FE E 3A 0 1 B3 0 0 21
4F 7D 8 F7 1 1 91 0 0 21
CA F 11 F0 1 1 FFEE 0 0 21
BD 2 F BA 0 0 BA 0 0 3
B2 E3 11 2D 1 0 2D 0 0 3
E1 2D 1D 4E 0 1 5A 0 0 21
26 7B 2 4C 1 1 4DC 0 0 21
D5 69 73 F4 1 1 FFF4 0 0 21
E4 A6 0 CA 1 1 0 1 0 3
2F 96 B 19 0 0 1C 0 0 3
84 35 5 DC 0 0 1B6 0 0 3
A8 27 98 FB 1 0 FFFB 0 0 3
36 BB 8 B7 0 1 154 0 0 21
8F BA 94 AD 1 0 FFAD 0 0 3
2D 9C 72 C2 1 1 FFC2 0 0 21
7 3A 3 B8 0 1 E5 0 0 21
F 1C CF E9 1 0 FFE9 0 0 3
98 41 11 92 1 1 FF7B 0 0 21
6 D7 D 74 0 1 7B 0 0 21
B5 40 CC 0 0 1 0 0 0 21
78 7B DD 12 1 1 12 0 0 21
17 ED E E0 1 1 FFDE 0 0 21
75 4F 40 48 0 1 4A 0 0 21
87 5 C 47 1 1 43 0 0 21
95 C3 81 71 1 1 71 0 0 21
90 D7 8 4 0 1 1E7 0 0 21
1C 3D B 11 0 0 11 0 0 3
84 20 AA 6 1 0 6 0 0 3
9 5 F0 2D 0 0 2D 0 0 3
2B B7 F3 73 1 1 73 0 0 21
CF 90 E5 F7 1 0 FFF7 0 0 3
AE F3 5 32 0 0 55B 0 0 3
27 69 F5 14 0 0 14 0 0 3
E1 6E F0 E7 1 1 FFE7 0 0 21
14 7E E3 42 1 1 42 0 0 21
A9 5F 93 6A 0 0 6A 0 0 3
63 A6 D C7 0 1 128 0 0 21
61 C2 0 B 0 0 498D 0 0 3
46 59 B6 BD 1 1 FFBD 0 0 21
D2 D9 D3 E1 1 0 FFE1 0 0 3
25 89 F F3 0 1 109 0 0 21
66 BE 7C 7A 1 1 7A 0 0 21
6A A8 4 5E 0 0 4B7 0 0 3
39 3B D9 E0 1 1 FFE0 0 0 21
43 EF F 43 0 1 8A 0 0 21
BB D2 63 A 1 1 A 0 0 21
5C 9C 69 D7 0 1 D8 0 0 21
A7 70 45 51 0 1 54 0 0 21
3 53 4F 24 0 0 24 0 0 3
F2 62 11 20 0 0 20 0 0 3
6A E8 D 84 0 1 115 0 0 21
5C 9E D 1 0 0 2 0 0 3
E8 5B F4 A5 1 0 FFA5 0 0 3
15 8D 27 4D 0 0 4D 0 0 3
65 16 BB BB 0 0 BB 0 0 3
CD 63 B EC 1 1 FFC3 0 0 21
29 D3 CD DF 0 0 DF 0 0 3
BD 3F EB 26 0 1 26 0 0 21
29 7C 6 54 0 1 E1 0 0 21
CB 7 6B 32 1 0 32 0 0 3
E2 F1 C 10 0 1 18A 0 0 21
C 1F 3 89 0 1 B2 0 0 21
8C 6A 10 11 1 0 11 0 0 3
9D A3 3 DC 0 0 D5A 0 0 3
2A 55 BB B3 0 0 B3 0 0 3
78 8D B4 6D 0 1 6D 0 0 21
85 1D A2 C0 1 1 FFC0 0 0 21
BF 26 2 52 1 0 FDE9 0 0 3
46 F1 A E3 0 0 F3 0 0 3
D6 2F B4 6E 1 1 6E 0 0 21
47 6B A BD 1 0 FFC4 0 0 3
C8 BC C 41 1 1 5B 0 0 21
8C 53 76 86 0 0 86 0 0 3
52 12 E 31 1 0 31 0 0 3
BB D7 11 57 0 0 57 0 0 3
7B 33 F5 9F 0 1 9F 0 0 21
1 23 9F D5 0 0 D5 0 0 3
91 B9 B BB 0 0 C8 0 0 3
E4 AB DA C5 1 1 FFC5 0 0 21
99 7D 73 8D 1 0 FF8D 0 0 3
A7 83 DB 7E 0 1 7E 0 0 21
B2 E7 E 40 0 1 111 0 0 21
87 10 6E 42 0 0 42 0 0 3
9 9C 66 9B 0 1 9B 0 0 21
41 FE 20 5C 1 0 5C 0 0 3
69 C0 66 35 1 0 35 0 0 3
B4 11 3E C2 1 1 FFC2 0 0 21
95 38 74 A 1 0 A 0 0 3
65 FF C C2 0 0 C8 0 0 3
40 91 B1 D1 1 0 FFD1 0 0 3
E1 DF E C4 0 0 C7 0 0 3
A 8F 8D DF 0 0 DF 0 0 3
F2 22 8E A0 1 0 FFA0 0 0 3
5C 57 3 95 1 0 37D 0 0 3
A5 6C 1 E8 1 0 ECB6 0 0 3
3F 13 6 FA 0 1 11B 0 0 21
C1 B7 F5 AA 1 1 FFAA 0 0 21
50 DC 76 BA 1 0 FFBA 0 0 3
F 6C 1B FC 1 1 FFFE 0 0 21
16 A3 0 67 1 0 F869 0 0 3
1F 29 30 54 0 1 54 0 0 21
DC 5B 10 CA 0 1 118 0 0 21
F 85 FD 4E 1 0 4E 0 0 3
E A6 12 2C 0 0 2C 0 0 3
57 34 11 2C 1 0 2C 0 0 3
F7 9E 0 9E 0 1 0 1 0 3
25 46 4 C 1 0 AD 0 0 3
48 B9 4 E3 0 0 423 0 0 3
F9 D 9B 34 0 0 34 0 0 3
74 82 E9 FE 1 0 FFFE 0 0 3
D6 A1 2B 30 0 0 30 0 0 3
5C 8D D BB 0 1 107 0 0 21
FB E2 3 8D 1 1 FF9D 0 0 21
75 23 31 5E 0 0 5E 0 0 3
6B B8 5 B3 0 0 31A 0 0 3
D8 B1 CA DE 0 0 DE 0 0 3
21 81 9 99 0 0 A1 0 0 3
58 FA 4C DB 0 1 DE 0 0 21
1F D5 B3 1B 0 0 1B 0 0 3
5E 42 9 2A 0 1 76 0 0 21
B5 95 47 21 0 0 21 0 0 3
E1 23 8A 22 1 0 22 0 0 3
F8 CE 2C 7E 0 1 98 0 0 21
49 43 86 17 0 1 17 0 0 21
48 A5 9 EA 1 1 FF9A 0 0 21
3E 42 3 30 1 0 22F 0 0 3
9A EE F 77 1 0 77 0 0 3
D2 65 3D 41 0 0 41 0 0 3
24 11 B FC 1 0 FFFC 0 0 3
59 A4 E6 70 1 0 70 0 0 3
33 A5 A 2F 0 0 37 0 0 3
54 F7 C D5 0 1 165 0 0 21
5F 7 8 D1 1 0 FFD3 0 0 3
E7 FF D 71 1 0 71 0 0 3
72 C8 4 8E 1 1 FDFF 0 0 21
99 84 4 7 0 1 4F5 0 0 21
42 E5 2E 68 0 0 68 0 0 3
B7 66 E 24 0 1 83 0 0 21
BF 1B 11 70 0 0 70 0 0 3
C3 ED D 17 0 0 1C 0 0 3
80 7F 9D F9 1 1 FFF9 0 0 21
19 4E 66 85 0 1 85 0 0 21
78 41 E 5C 1 1 83 0 0 21
A 83 3 B1 1 1 FF27 0 0 21
4C 9D 3 F7 0 0 6CA 0 0 3
50 F8 5E C9 0 1 CB 0 0 21
BC 25 8 82 1 0 FF79 0 0 3
17 AD D 41 0 0 41 0 0 3
E9 BD F3 26 0 1 26 0 0 21
58 DF 0 D9 1 1 0 1 0 3
15 61 3 A6 1 0 A4 0 0 3
7A 31 6B 80 0 0 80 0 0 3
BF 59 AA 29 1 1 29 0 0 21
37 EE 93 20 1 1 20 0 0 21
70 C6 F0 64 1 0 64 0 0 3
EA F0 1 1D 1 0 CD 0 0 3
C9 D4 2A 75 0 1 8D 0 0 21
C9 90 19 86 0 0 86 0 0 3
92 8E CD 27 0 0 27 0 0 3
D4 3B A A5 0 0 B1 0 0 3
67 A9 9 56 0 1 12C 0 0 21
15 B5 6 9D 1 0 FF85 0 0 3
A1 72 2E B1 1 1 FFAC 0 0 21
28 81 AD 4 1 0 4 0 0 3
E3 7D E5 BC 0 0 BC 0 0 3
3D 12 5 2B 0 0 4D 0 0 3
51 7A C6 C4 1 1 FFC4 0 0 21
BF 2A 48 3F 1 1 3F 0 0 21
82 17 2A 80 0 0 80 0 0 3
BB 17 51 AA 0 0 AA 0 0 3
D9 DB 1 41 1 0 312 0 0 3
C4 3F 66 FE 1 0 FFFE 0 0 3
1D C6 4 CD 0 1 233 0 0 21
DC 56 15 D6 1 1 FFCF 0 0 21
6D 8 A 4A 1 0 4A 0 0 3
C1 20 E0 E7 0 0 E7 0 0 3
FB BB A FA 0 1 2CF 0 0 21
B8 CD 13 1E 0 0 1E 0 0 3
3 72 0 31 0 1 0 1 0 3
64 34 D BF 0 1 DD 0 0 21
B 74 1 98 1 1 494 0 0 21
34 ED 6 C8 1 1 FFAD 0 0 21
2E A5 F 2E 1 0 2E 0 0 3
F7 AA A 9F 0 0 C8 0 0 3
B1 6C 4 1E 1 1 FE09 0 0 21
3D 2C B 77 0 0 78 0 0 3
FC 25 F D0 1 0 FFD0 0 0 3
EF 34 EB B9 1 0 FFB9 0 0 3
78 DA 93 E0 0 0 E0 0 0 3
1 EA 31 2 0 0 2 0 0 3
37 42 2B 61 0 1 62 0 0 21
CD 1B 3F 79 0 0 79 0 0 3
96 21 3 F8 1 1 FE74 0 0 21
69 26 0 8C 1 1 0 1 0 3
D0 7A 2 4C 0 0 1914 0 0 3
AC CA A 2A 1 1 57 0 0 21
98 37 E3 CD 0 1 CD 0 0 21
66 C9 1 C6 0 0 28D1 0 0 3
C5 E6 0 E8 1 1 0 1 0 3
54 B5 BE B2 1 1 FFB2 0 0 21
3D 25 31 38 0 1 38 0 0 21
DB 4B 5 43 0 1 2D4 0 0 21
9B B5 51 45 0 1 49 0 0 21
71 6F 9 55 0 0 6D 0 0 3
74 F8 10 10 0 0 10 0 0 3
1C A3 F0 17 1 0 17 0 0 3
91 D5 C 12 0 1 E8 0 0 21
A1 B0 B5 2A 0 0 2A 0 0 3
26 83 F AD 0 1 C3 0 0 21
C8 83 0 6C 1 1 0 1 0 3
89 C0 4 DD 1 0 1B9 0 0 3
E7 C9 1 4C 0 0 5AFB 0 0 3
95 A4 F6 74 1 0 74 0 0 3
64 83 6 20 1 1 FEC5 0 0 21
DD 7D 37 98 1 0 FF98 0 0 3
3A 50 F6 5B 0 1 5B 0 0 21
B7 3F B2 7 1 0 7 0 0 3
94 DE 11 A9 1 0 FFA9 0 0 3
66 D3 93 EF 0 0 EF 0 0 3
A1 B7 E8 52 0 1 52 0 0 21
91 9A 8 DE 0 1 23A 0 0 21
27 53 0 20 1 1 0 1 0 3
36 18 6 60 0 0 74 0 0 3
63 8C 1 AF 0 1 36D3 0 0 21
84 60 9 10 0 1 AC 0 0 21
6E 54 2 5A 0 1 960 0 0 21
B6 7D 4 4E 1 0 FE0C 0 0 3
94 72 8B 70 1 0 70 0 0 3
4C CF EA D9 1 0 FFD9 0 0 3
45 0 D5 47 1 1 47 0 0 21
58 D9 FD D5 1 0 FFD5 0 0 3
C5 CA 88 32 0 0 32 0 0 3
8B 96 1D 89 0 0 89 0 0 3
95 70 0 43 0 0 4173 0 0 3
B7 3 2 A6 1 0 FF70 0 0 3
99 3E 4 C2 0 1 312 0 0 21
5E 45 4 E2 0 0 277 0 0 3
78 FB D 62 0 0 65 0 0 3
E0 6C B DF 1 0 FFDE 0 0 3
AF 62 6 70 1 0 FFF4 0 0 3
E0 EC 9F 4B 1 1 4B 0 0 21
82 85 E F5 0 0 F6 0 0 3
12 B6 95 24 1 1 24 0 0 21
63 F3 49 FF 1 0 FFFF 0 0 3
6B 65 A C9 0 0 D3 0 0 3
F3 4F 9 CD 0 0 F2 0 0 3
B8 A2 81 62 0 0 62 0 0 3
A0 9E C7 7C 0 1 7C 0 0 21
56 62 3 EA 1 1 392 0 0 21
34 5 8 A5 0 1 A9 0 0 21
67 5A 2 B9 1 0 8C6 0 0 3
88 56 69 2D 1 0 2D 0 0 3
23 4B 80 3C 1 1 3C 0 0 21
D9 4A 98 EC 0 1 EC 0 0 21
43 95 5 AA 1 1 FE8C 0 0 21
1E 4A 4 E1 1 0 6B 0 0 3
2A AB 9 5A 1 1 2E 0 0 21
FD FD 2A 41 1 0 41 0 0 3
2C F4 C 91 0 1 DB 0 0 21
F6 3E B5 74 1 1 74 0 0 21
45 71 88 1B 1 1 1B 0 0 21
DA AD A9 1D 1 1 1D 0 0 21
B3 E2 5 D1 1 1 2D 0 0 21
F2 99 87 B8 0 1 BA 0 0 21
D4 6B 3 11 0 0 B24 0 0 3
C1 ED 2 5D 0 1 2D08 0 0 21
75 7C A4 43 1 1 43 0 0 21
D2 F6 DD A0 1 1 FFA0 0 0 21
CF 34 6 A8 0 0 150 0 0 3
9B 4F 4C 53 1 0 53 0 0 3
BE 7 3 1F 1 0 FFE6 0 0 3
54 7 DA 19 1 1 19 0 0 21
BA C2 4 F0 1 0 FF 0 0 3
B6 3F B 40 0 1 9E 0 0 21
14 EE 7 B6 0 0 DB 0 0 3
BD 45 E 9C 0 1 DE 0 0 21
4B EF 89 0 0 0 0 0 0 3
4F 57 B8 62 1 1 62 0 0 21
43 6C 95 BA 0 1 BA 0 0 21
15 41 21 4B 0 1 4C 0 0 21
C1 DC 11 46 0 1 D8 0 0 21
3B C6 2 FC 0 0 C64 0 0 3
D9 3F 0 C5 0 0 362C 0 0 3
31 EC 40 58 1 1 58 0 0 21
4C 6 2D 3A 0 0 3A 0 0 3
D8 58 12 EF 0 0 EF 0 0 3
7 6E 40 79 1 1 79 0 0 21
FE D 75 3C 1 1 3C 0 0 21
D 5F 3B 88 0 1 88 0 0 21
57 39 8B 7E 1 1 7E 0 0 21
70 A3 4 7C 0 1 4F1 0 0 21
11 91 C EE 1 0 FFEE 0 0 3
85 64 A D9 0 1 15E 0 0 21
18 5B 79 A5 1 0 FFA5 0 0 3
5D 7C BF F1 0 1 F1 0 0 21
1A CA 0 88 1 1 0 1 0 3
12 F9 59 47 0 0 47 0 0 3
BE E 6C D1 0 1 D1 0 0 21
89 CC C 62 0 1 124 0 0 21
EE 34 62 C3 0 1 C4 0 0 21
C9 2D 3 EB 0 1 4D8 0 0 21
6 4F 16 92 1 1 FF92 0 0 21
8A C2 33 95 1 0 FF95 0 0 3
AE C8 BC 72 1 1 72 0 0 21
4F 6B 75 E8 0 1 E8 0 0 21
AC 4C B1 97 0 0 97 0 0 3
EB FA 6A 94 1 0 FF94 0 0 3
F4 C5 62 9 0 0 9 0 0 3
AD 61 27 78 1 1 73 0 0 21
D5 71 4 A3 0 0 683 0 0 3
DC E0 8 56 1 0 5A 0 0 3
14 9B C A2 0 1 B7 0 0 21
FE 2F 42 AD 1 0 FFAD 0 0 3
5B 5B 10 BC 1 0 FFBC 0 0 3
DA 45 6 FC 0 1 29D 0 0 21
53 5E 3 C5 1 1 327 0 0 21
3B 58 98 7C 1 0 7C 0 0 3
F 2B 0 BE 1 0 243 0 0 3
5B A9 BB 5D 1 1 5D 0 0 21
3B C0 99 2C 1 0 2C 0 0 3
E1 C0 A 39 1 0 3A 0 0 3
6E 74 F 59 0 0 59 0 0 3
23 FE D B6 0 0 B7 0 0 3
F2 9C 89 94 0 1 96 0 0 21
74 B4 4 4D 0 1 566 0 0 21
C9 FC 93 8E 1 1 FF8E 0 0 21
4A 14 0 CF 0 0 697 0 0 3
2C 21 16 AD 1 0 FFAD 0 0 3
2C C5 88 6A 0 0 6A 0 0 3
E8 4F 4A E5 0 0 E5 0 0 3
82 A9 0 66 0 0 5638 0 0 3
7F 12 40 B2 0 1 B2 0 0 21
98 68 F1 1A 0 1 1A 0 0 21
BC 93 C B0 0 0 B6 0 0 3
EB AD C 38 1 0 38 0 0 3
8C 94 0 FF 0 0 51EF 0 0 3
F1 71 B 68 1 1 5A 0 0 21
DC F6 98 2 1 1 2 0 0 21
1D B0 D AF 0 0 AF 0 0 3
A5 70 7 F9 1 0 FFAA 0 0 3
D8 D9 EE 4 1 1 4 0 0 21
4E E5 E 3 0 1 5E 0 0 21
6C A5 C2 CA 0 1 CA 0 0 21
DD 90 BB 96 0 1 96 0 0 21
D9 60 4C 3C 1 0 3C 0 0 3
70 CB 6 3E 1 0 FFE2 0 0 3
9B 95 2 84 1 0 A11 0 0 3
94 15 11 35 1 0 35 0 0 3
A8 1C F5 7 0 1 7 0 0 21
3F 2B 28 17 0 1 18 0 0 21
62 78 69 E6 1 1 FFE7 0 0 21
42 F7 70 D8 1 1 FFD8 0 0 21
97 2E 9 1F 0 1 74 0 0 21
22 A7 E 3A 0 1 56 0 0 21
A1 62 6 5B 0 0 151 0 0 3
BD F9 74 37 0 0 37 0 0 3
F 8C 34 47 0 0 47 0 0 3
B0 4 6C A7 1 1 FFA7 0 0 21
12 76 3 A0 0 1 18C 0 0 21
6F 19 BE B6 1 1 FFB6 0 0 21
82 7B B9 1 0 0 1 0 0 3
F 4E 9 10 0 1 1E 0 0 21
8C E7 2E 13 0 0 13 0 0 3
53 43 16 2 1 1 D 0 0 21
FF D7 F F 0 0 10 0 0 3
B2 DE 6 57 0 1 4A0 0 0 21
F0 E 74 E6 1 1 FFE6 0 0 21
91 8E 3 67 0 0 A74 0 0 3
F1 69 9C 2C 0 0 2C 0 0 3
EE 22 2 85 1 1 FEEC 0 0 21
79 74 DD 8B 1 1 FF8B 0 0 21
11 1B E 76 0 1 78 0 0 21
BD B3 9 26 1 0 30 0 0 3
47 19 0 26 1 0 715 0 0 3
C1 5D 6A 4B 1 0 4B 0 0 3
97 BD 7 B6 1 0 FFEC 0 0 3
13 E9 9A 34 0 0 34 0 0 3
CE E8 4 46 1 1 91 0 0 21
CB 44 F8 2E 1 0 2E 0 0 3
46 F6 B0 B4 0 0 B4 0 0 3
49 39 CF EA 1 1 FFEA 0 0 21
51 D7 F 9 0 0 9 0 0 3
2D 96 7 3A 1 1 FFD9 0 0 21
83 1 C 81 0 0 81 0 0 3
C6 DF F 56 1 0 56 0 0 3
6B C 22 F6 1 0 FFF6 0 0 3
A9 83 E FC 1 1 33 0 0 21
A3 B6 62 62 1 1 62 0 0 21
79 AA CF 7C 0 1 7C 0 0 21
33 15 1 7E 1 0 295 0 0 3
CB 63 F 76 0 1 CF 0 0 21
3A F3 E7 E2 0 0 E2 0 0 3
2C F8 9E D1 1 0 FFD1 0 0 3
E0 22 10 F8 1 0 FFF8 0 0 3
7B E DB 9E 1 1 FF9E 0 0 21
D1 37 0 9B 1 0 F582 0 0 3
29 F6 1 88 1 0 FEBB 0 0 3
7F D2 A3 B2 0 0 B2 0 0 3
44 D8 E C7 0 0 C7 0 0 3
21 1C 3A 95 0 0 95 0 0 3
31 92 EB 94 0 0 94 0 0 3
21 66 E5 1E 1 1 1E 0 0 21
81 83 A8 C2 1 0 FFC2 0 0 3
6E 38 E 3B 0 0 3B 0 0 3
7E C6 3 BC 0 1 B90 0 0 21
42 27 2A C4 1 0 FFC4 0 0 3
C2 50 6 6F 1 0 22 0 0 3
7A 28 A6 B2 0 0 B2 0 0 3
A D3 6 6C 1 1 60 0 0 21
86 1D D 35 1 1 21 0 0 21
9C 27 6 3 1 0 FFC7 0 0 3
D2 E2 17 60 1 1 62 0 0 21
48 C9 7 3B 1 1 FFEB 0 0 21
38 B0 F7 A8 0 1 A8 0 0 21
59 CC 5 87 1 0 FEF7 0 0 3
90 85 1 1C 0 0 2584 0 0 3
D3 9F 2 B 0 0 20CE 0 0 3
DF 51 E 7B 1 1 6E 0 0 21
D2 5F D C3 1 1 FFAA 0 0 21
30 55 D1 96 0 0 96 0 0 3
C3 86 2C 58 1 0 58 0 0 3
1F E9 62 80 1 0 FF80 0 0 3
99 13 8F D2 0 0 D2 0 0 3
C8 ED 1 1A 1 1 442 0 0 21
8E 44 8E 54 0 0 54 0 0 3
DD DA DE 58 0 0 58 0 0 3
74 6E 3 98 1 0 5D3 0 0 3
97 C0 10 88 0 1 F9 0 0 21
D4 6B DF 8F 1 0 FF8F 0 0 3
8E A5 F 7C 0 1 E4 0 0 21
F4 D7 D1 B3 1 1 FFB3 0 0 21
A0 BD A 63 1 0 69 0 0 3
BB 1B 11 2F 1 0 2F 0 0 3
8F 3D DE DD 1 1 FFDD 0 0 21
3E 51 3 CD 0 1 2FB 0 0 21
26 1F 3 4A 1 1 CC 0 0 21
A3 AE E8 B 0 1 B 0 0 21
CE 20 C9 32 0 1 32 0 0 21
F7 6C 2A 39 0 1 48 0 0 21
89 8C 31 77 0 1 7E 0 0 21
7B 20 EB B8 0 0 B8 0 0 3
22 34 75 72 0 1 72 0 0 21
8 E2 C 2 0 0 2 0 0 3
C7 B6 57 EA 0 1 EE 0 0 21
68 63 8F 9E 0 1 9E 0 0 21
81 82 92 EF 0 1 EF 0 0 21
36 F2 FD A 0 0 A 0 0 3
F8 20 E 9D 0 0 9D 0 0 3
41 7E 1E 52 1 1 5B 0 0 21
C1 64 F BA 1 1 FF9E 0 0 21
75 15 F 53 0 1 5D 0 0 21
94 4 11 32 1 1 31 0 0 21
47 F3 34 DC 0 0 DC 0 0 3
9E 3E 6 76 1 0 18 0 0 3
57 AC 8 B 1 1 FF99 0 0 21
E5 31 4F DD 0 1 DE 0 0 21
3E A 65 A3 0 1 A3 0 0 21
5C 3 F 77 1 0 77 0 0 3
72 76 F AE 0 1 E9 0 0 21
24 59 A A0 1 0 FFA3 0 0 3
DF 8B 7B A4 0 1 A6 0 0 21
B8 5 0 5C 0 0 3F4 0 0 3
AD E0 10 A1 0 0 A1 0 0 3
38 6 A F3 0 0 F3 0 0 3
6C 88 54 36 0 0 36 0 0 3
